X,Y,Profundidade,Rugosidade,Z,Nó
695127.2767,7460724.838,2.48,0.15,-2.48,1
695131.0253,7460717.81,2.48,0.15,-2.48,2
695123.3406,7460722.73,2.48,0.15,-2.48,3
695126.9018,7460716.088,2.48,0.15,-2.48,4
695129.151,7460721.324,2.48,0.15,-2.48,5
695125.1212,7460719.409,2.48,0.15,-2.48,6
695119.4045,7460720.621,2.48,0.15,-2.48,7
695122.7783,7460714.366,2.48,0.15,-2.48,8
695121.0914,7460717.494,2.48,0.15,-2.48,9
695114.0051,7460718.276,2.48,0.15,-2.48,10
695117.5924,7460712.055,2.48,0.15,-2.48,11
695115.7987,7460715.165,2.48,0.15,-2.48,12
695108.6056,7460715.931,2.48,0.15,-2.48,13
695112.4065,7460709.744,2.48,0.15,-2.48,14
695110.5061,7460712.838,2.48,0.15,-2.48,15
695104.4658,7460706.196,2.48,0.15,-2.48,16
695100.8491,7460712.52,2.48,0.15,-2.48,17
695102.6575,7460709.357,2.48,0.15,-2.48,18
695096.5251,7460702.647,2.48,0.15,-2.48,19
695093.0926,7460709.108,2.48,0.15,-2.48,20
695094.8089,7460705.878,2.48,0.15,-2.48,21
695087.2626,7460698.824,2.48,0.15,-2.48,22
695083.7759,7460704.852,2.48,0.15,-2.48,23
695085.5192,7460701.838,2.48,0.15,-2.48,24
695078,7460695,2.48,0.15,-2.48,25
695074.4591,7460700.596,2.48,0.15,-2.48,26
695076.2296,7460697.798,2.48,0.15,-2.48,27
695059.7296,7460693.798,2.48,0.15,-2.48,28
695063,7460688.5,2.48,0.15,-2.48,29
695061.3648,7460691.149,2.48,0.15,-2.48,30
695045,7460687,2.48,0.15,-2.48,31
695048,7460682,2.48,0.15,-2.48,32
695046.5,7460684.5,2.48,0.15,-2.48,33
695027.5,7460679.5,2.48,0.15,-2.48,34
695030.5,7460674,2.48,0.15,-2.48,35
695029,7460676.75,2.48,0.15,-2.48,36
695010,7460672,2.48,0.15,-2.48,37
695013,7460666,2.48,0.15,-2.48,38
695011.5,7460669,2.48,0.15,-2.48,39
694989.2957,7460662.926,2.48,0.15,-2.48,40
694992,7460657,2.48,0.15,-2.48,41
694990.6479,7460659.963,2.48,0.15,-2.48,42
694968.5914,7460653.852,2.48,0.15,-2.48,43
694971,7460648,2.48,0.15,-2.48,44
694969.7957,7460650.926,2.48,0.15,-2.48,45
694945.0683,7460643.721,2.48,0.15,-2.48,46
694948,7460638,2.48,0.15,-2.48,47
694946.5341,7460640.86,2.48,0.15,-2.48,48
694921.5451,7460633.59,2.48,0.15,-2.48,49
694925,7460628,2.48,0.15,-2.48,50
694923.2726,7460630.795,2.48,0.15,-2.48,51
694898.4749,7460623.536,2.48,0.15,-2.48,52
694902.0656,7460617.597,2.48,0.15,-2.48,53
694900.2702,7460620.566,2.48,0.15,-2.48,54
694875.4047,7460613.481,2.48,0.15,-2.48,55
694879.1312,7460607.193,2.48,0.15,-2.48,56
694877.268,7460610.337,2.48,0.15,-2.48,57
694854.0119,7460604.323,2.48,0.15,-2.48,58
694857.8954,7460597.528,2.48,0.15,-2.48,59
694855.9536,7460600.925,2.48,0.15,-2.48,60
694832.6191,7460595.165,2.48,0.15,-2.48,61
694836.6595,7460587.862,2.48,0.15,-2.48,62
694834.6393,7460591.514,2.48,0.15,-2.48,63
694806.2617,7460583.43,2.48,0.15,-2.48,64
694809.7462,7460576.642,2.48,0.15,-2.48,65
694808.004,7460580.036,2.48,0.15,-2.48,66
694779.9043,7460571.695,2.48,0.15,-2.48,67
694782.8329,7460565.421,2.48,0.15,-2.48,68
694781.3686,7460568.558,2.48,0.15,-2.48,69
694760.2216,7460563.027,2.48,0.15,-2.48,70
694763.3804,7460556.957,2.48,0.15,-2.48,71
694761.801,7460559.992,2.48,0.15,-2.48,72
694740.5389,7460554.358,2.48,0.15,-2.48,73
694743.9279,7460548.493,2.48,0.15,-2.48,74
694742.2334,7460551.426,2.48,0.15,-2.48,75
694726.5915,7460548.232,2.48,0.15,-2.48,76
694729.7199,7460542.041,2.48,0.15,-2.48,77
694728.1557,7460545.136,2.48,0.15,-2.48,78
694712.6441,7460542.106,2.48,0.15,-2.48,79
694715.5118,7460535.588,2.48,0.15,-2.48,80
694714.078,7460538.847,2.48,0.15,-2.48,81
694700.6219,7460524.004,2.48,0.15,-2.48,82
694704.2559,7460518.294,2.48,0.15,-2.48,83
694702.4389,7460521.149,2.48,0.15,-2.48,84
694688.5996,7460505.901,2.48,0.15,-2.48,85
694693,7460501,2.48,0.15,-2.48,86
694690.7998,7460503.451,2.48,0.15,-2.48,87
694679.9087,7460495.085,2.48,0.15,-2.48,88
694685.2832,7460487.212,2.48,0.15,-2.48,89
694682.5959,7460491.148,2.48,0.15,-2.48,90
694671.2177,7460484.269,2.48,0.15,-2.48,91
694677.5663,7460473.423,2.48,0.15,-2.48,92
694674.392,7460478.846,2.48,0.15,-2.48,93
694659.7832,7460470.212,2.48,0.15,-2.48,94
694657.587,7460475.022,2.48,0.15,-2.48,95
694869.3387,7460446.893,0.1263,0.02,-0.1263,96
694830.9549,7460459.669,0.3624,0.02,-0.3624,97
694838.3953,7460439.784,0.6039,0.02,-0.6039,98
694792.4365,7460457.61,0.9094,0.02,-0.9094,99
694803.4316,7460434.597,1.1715,0.02,-1.1715,100
694639.5639,7460475.395,2.48,0.15,-2.48,101
694642,7460467,2.48,0.15,-2.48,102
694640.782,7460471.198,2.48,0.15,-2.48,103
694655.3908,7460479.832,2.48,0.15,-2.48,104
694876.779,7460427.008,0.4037,0.02,-0.4037,105
694907.7224,7460434.117,0.1131,0.02,-0.1131,106
694845.8356,7460419.898,0.9098,0.02,-0.9098,107
694753.9181,7460455.55,1.4593,0.02,-1.4593,108
694814.4268,7460411.584,1.4925,0.02,-1.4925,109
694768.468,7460429.41,1.7456,0.02,-1.7456,110
694783.0179,7460403.27,1.9927,0.02,-1.9927,111
694624.282,7460470.198,2.48,0.15,-2.48,112
694627.5,7460462.5,2.48,0.15,-2.48,113
694625.891,7460466.349,2.48,0.15,-2.48,114
694954.7418,7460399.745,0.1127,0.02,-0.1127,115
695001.7611,7460365.374,-0.1449,0.02,0.1449,116
694970.3196,7460358.229,-0.0083,0.02,0.0083,117
694923.3003,7460392.6,0.6193,0.02,-0.6193,118
694889.5509,7460386.128,1.2576,0.02,-1.2576,119
694855.8015,7460379.656,1.9309,0.02,-1.9309,120
694822.7324,7460371.89,2.3072,0.02,-2.3072,121
694789.6632,7460364.125,2.7071,0.02,-2.7071,122
694725.3964,7460450.198,1.6392,0.02,-1.6392,123
694739.4265,7460421.653,2.0891,0.02,-2.0891,124
694696.8746,7460444.845,1.7365,0.02,-1.7365,125
694710.385,7460413.896,2.0946,0.02,-2.0946,126
694753.4566,7460393.109,2.4169,0.02,-2.4169,127
694760.0677,7460356.178,3.2346,0.02,-3.2346,128
695043.2068,7460262.475,-0.0364,0.15,0.0364,129
695005.0926,7460249.691,-0.0122,0.15,0.0122,130
695022.484,7460313.925,-0.1159,0.02,0.1159,131
694987.7061,7460303.959,-0.0562,0.02,0.0562,132
694673.8081,7460435.767,1.8359,0.02,-1.8359,133
694686.8036,7460403.568,2.0981,0.02,-2.0981,134
695176.1186,7460275.337,-0.0687,0.15,0.0687,135
695221.7917,7460284.245,-0.1276,0.02,0.1276,136
695161.4752,7460224.543,-0.0936,0.15,0.0936,137
695210.9986,7460228.347,0.215,0.02,-0.215,138
695267.4648,7460293.153,-0.2566,0.02,0.2566,139
695260.522,7460232.152,1.0336,0.02,-1.0336,140
695394.7619,7460296.046,-0.2379,0.02,0.2379,141
695392.6273,7460234.957,2.0344,0.02,-2.0344,142
695331.1134,7460294.6,-0.2698,0.02,0.2698,143
695326.5746,7460233.554,1.8782,0.02,-1.8782,144
694609,7460465,2.48,0.15,-2.48,145
694613,7460458,2.48,0.15,-2.48,146
694611,7460461.5,2.48,0.15,-2.48,147
694938.8781,7460351.083,0.6141,0.02,-0.6141,148
694902.3228,7460345.248,1.3507,0.02,-1.3507,149
694865.7675,7460339.413,2.101,0.02,-2.101,150
694831.038,7460332.197,2.7685,0.02,-2.7685,151
694796.3085,7460324.98,3.5762,0.02,-3.5762,152
694723.8953,7460382.947,2.4296,0.02,-2.4296,153
694766.6788,7460319.249,4.3493,0.02,-4.3493,154
694730.4722,7460348.232,3.4101,0.02,-3.4101,155
694737.0491,7460313.517,4.6172,0.02,-4.6172,156
694952.9282,7460293.995,0.3981,0.02,-0.3981,157
694966.9783,7460236.906,0.1296,0.15,-0.1296,158
694650.7415,7460426.689,1.8859,0.02,-1.8859,159
694663.2223,7460393.241,2.0613,0.02,-2.0613,160
694699.7992,7460371.37,2.436,0.02,-2.436,161
694675.703,7460359.792,2.5077,0.02,-2.5077,162
695200.2054,7460172.45,2.1968,0.02,-2.1968,163
695146.8317,7460173.748,1.3855,0.15,-1.3855,164
695253.5791,7460171.151,3.1703,0.02,-3.1703,165
695390.4926,7460173.867,4.3654,0.02,-4.3654,166
695322.0359,7460172.509,4.1423,0.02,-4.1423,167
694595.5,7460447,2.48,0.15,-2.48,168
694591.5,7460453.5,2.48,0.15,-2.48,169
694593.5,7460450.25,2.48,0.15,-2.48,170
694911.2616,7460287.501,1.1872,0.02,-1.1872,171
694920.2005,7460229.754,0.792,0.02,-0.792,172
694869.595,7460281.007,1.9411,0.02,-1.9411,173
694833.8602,7460277.865,2.9524,0.02,-2.9524,174
694798.1253,7460274.723,4.1068,0.02,-4.1068,175
694767.5299,7460273.474,5.1102,0.02,-5.1102,176
694736.9345,7460272.225,5.5774,0.02,-5.5774,177
694705.7791,7460339.272,3.3523,0.02,-3.3523,178
694711.7591,7460307.174,4.3495,0.02,-4.3495,179
694681.086,7460330.312,3.1872,0.02,-3.1872,180
694711.7534,7460270.96,5.3585,0.02,-5.3585,181
694960.4917,7460194.86,0.1587,0.15,-0.1587,182
694913.7138,7460187.708,1.0221,0.02,-1.0221,183
694954.005,7460152.814,0.5788,0.15,-0.5788,184
694626.2792,7460398.698,1.9267,0.02,-1.9267,185
694637.928,7460372.374,2.0142,0.02,-2.0142,186
694649.5768,7460346.051,2.4488,0.02,-2.4488,187
694657.2995,7460320.806,2.9407,0.02,-2.9407,188
695175.4178,7460095.289,6.1617,0.02,-6.1617,189
695229.4978,7460087.958,6.5483,0.02,-6.5483,190
695121.3378,7460102.619,5.5388,0.02,-5.5388,191
695093.2765,7460166.76,0.8021,0.15,-0.8021,192
695070.5076,7460105.138,4.7161,0.02,-4.7161,193
695039.7213,7460159.771,0.514,0.15,-0.514,194
695019.6775,7460107.657,3.0672,0.02,-3.0672,195
695362.0947,7460079.963,6.6571,0.02,-6.6571,196
695295.7963,7460083.96,6.7069,0.02,-6.7069,197
694898.0403,7460138.005,2.1576,0.02,-2.1576,198
694936.9606,7460112.634,2.1008,0.02,-2.1008,199
694996.8632,7460156.293,0.2564,0.15,-0.2564,200
694978.319,7460110.145,1.6852,0.02,-1.6852,201
694578,7460436,2.48,0.15,-2.48,202
694574,7460442,2.48,0.15,-2.48,203
694576,7460439,2.48,0.15,-2.48,204
694873.4226,7460222.601,1.4046,0.02,-1.4046,205
694836.6824,7460223.534,2.5891,0.02,-2.5891,206
694799.9421,7460224.466,4.0588,0.02,-4.0588,207
694768.381,7460227.699,5.3057,0.02,-5.3057,208
694736.8199,7460230.932,5.9578,0.02,-5.9578,209
694686.469,7460300.831,4.1399,0.02,-4.1399,210
694711.7479,7460234.747,5.8059,0.02,-5.8059,211
694686.5724,7460269.697,5.1511,0.02,-5.1511,212
694686.6758,7460238.562,5.6286,0.02,-5.6286,213
694601.8168,7460370.706,2.0212,0.02,-2.0212,214
694612.6337,7460351.508,2.1822,0.02,-2.1822,215
694623.4505,7460332.31,2.3854,0.02,-2.3854,216
694665.0223,7460295.56,4.0038,0.02,-4.0038,217
694633.5131,7460311.3,2.9251,0.02,-2.9251,218
694643.5756,7460290.289,3.9087,0.02,-3.9087,219
695150.6302,7460018.128,8.3286,0.02,-8.3286,220
695205.4165,7460004.765,8.6362,0.02,-8.6362,221
695095.8439,7460031.49,7.9931,0.02,-7.9931,222
695047.7388,7460043.517,7.4586,0.02,-7.4586,223
694999.6337,7460055.543,6.6986,0.02,-6.6986,224
695333.6967,7459986.058,8.7715,0.02,-8.7715,225
695269.5566,7459995.412,8.7216,0.02,-8.7216,226
694882.3667,7460088.302,4.7141,0.02,-4.7141,227
694859.1199,7460163.376,2.5335,0.02,-2.5335,228
694844.8172,7460104.15,4.6339,0.02,-4.6339,229
694919.9162,7460072.453,5.559,0.02,-5.559,230
694959.7749,7460063.998,5.872,0.02,-5.872,231
694552,7460428,2.48,0.15,-2.48,232
694556,7460421.5,2.48,0.15,-2.48,233
694554,7460424.75,2.48,0.15,-2.48,234
694820.6289,7460172.522,3.8493,0.02,-3.8493,235
694804.5755,7460121.511,5.9693,0.02,-5.9693,236
694782.1379,7460181.669,5.2109,0.02,-5.2109,237
694753.1723,7460190.721,6.2415,0.02,-6.2415,238
694724.2067,7460199.772,6.2579,0.02,-6.2579,239
694702.3388,7460206.753,6.1317,0.02,-6.1317,240
694680.4709,7460213.734,5.9716,0.02,-5.9716,241
694666.0651,7460269.146,4.9735,0.02,-4.9735,242
694667.1079,7460242.731,5.4526,0.02,-5.4526,243
694645.5578,7460268.595,4.7999,0.02,-4.7999,244
694660.0214,7460220.722,5.8005,0.02,-5.8005,245
694652.9349,7460198.712,6.2381,0.02,-6.2381,246
694582.7034,7460355.553,2.0951,0.02,-2.0951,247
694594.4193,7460339.054,2.2215,0.02,-2.2215,248
694606.1353,7460322.555,2.3873,0.02,-2.3873,249
694615.7769,7460302.937,3.0457,0.02,-3.0457,250
694625.4186,7460283.319,3.8823,0.02,-3.8823,251
694628.3112,7460266.111,4.5583,0.02,-4.5583,252
695088.29,7459922.817,10.0908,0.02,-10.0908,253
695136.1718,7459896.467,10.5162,0.02,-10.5162,254
695040.4082,7459949.167,9.8054,0.02,-9.8054,255
695244.4894,7459848.047,11.2759,0.02,-11.2759,256
695190.3306,7459872.257,10.8625,0.02,-10.8625,257
694998.6418,7459972.903,9.4471,0.02,-9.4471,258
694956.8755,7459996.638,9.1644,0.02,-9.1644,259
694922.7898,7460015.022,8.9087,0.02,-8.9087,260
694888.7041,7460033.406,8.4111,0.02,-8.4111,261
694858.6033,7460055.959,7.6086,0.02,-7.6086,262
694828.5024,7460078.513,7.1753,0.02,-7.1753,263
694637.6527,7460180.3,6.661,0.02,-6.661,264
694622.3706,7460161.889,6.6141,0.02,-6.6141,265
694609.2765,7460147.733,6.6394,0.02,-6.6394,266
694530,7460414,2.48,0.15,-2.48,267
694534,7460407,2.48,0.15,-2.48,268
694532,7460410.5,2.48,0.15,-2.48,269
694764.3337,7460138.872,7.1551,0.02,-7.1551,270
694737.9636,7460153.742,7.1071,0.02,-7.1071,271
694711.5935,7460168.613,6.7231,0.02,-6.7231,272
694692.9298,7460178.759,6.6014,0.02,-6.6014,273
694674.266,7460188.906,6.4377,0.02,-6.4377,274
694647.54,7460246.9,5.2551,0.02,-5.2551,275
694639.5719,7460227.709,5.5953,0.02,-5.5953,276
694631.6038,7460208.518,5.8137,0.02,-5.8137,277
694563.59,7460340.4,2.1101,0.02,-2.1101,278
694576.205,7460326.6,2.2148,0.02,-2.2148,279
694588.82,7460312.8,2.4945,0.02,-2.4945,280
694598.0408,7460294.574,3.0563,0.02,-3.0563,281
694607.2616,7460276.348,3.7426,0.02,-3.7426,282
694611.0647,7460263.627,4.1679,0.02,-4.1679,283
694631.2039,7460248.903,4.9744,0.02,-4.9744,284
694614.8677,7460250.906,4.4943,0.02,-4.4943,285
695025.9498,7459827.506,12.2717,0.02,-12.2717,286
695066.9271,7459788.168,12.5561,0.02,-12.5561,287
694984.9724,7459866.844,11.9296,0.02,-11.9296,288
695155.282,7459710.035,13.1311,0.02,-13.1311,289
695111.1046,7459749.102,12.7229,0.02,-12.7229,290
694949.5448,7459902.288,11.5575,0.02,-11.5575,291
694914.1172,7459937.732,11.2174,0.02,-11.2174,292
694885.8047,7459966.045,10.9808,0.02,-10.9808,293
694857.4921,7459994.358,10.6704,0.02,-10.6704,294
694834.8398,7460023.617,9.9248,0.02,-9.9248,295
694812.1875,7460052.875,9.3907,0.02,-9.3907,296
694788.2606,7460095.874,7.9464,0.02,-7.9464,297
694618.2312,7460194.008,5.7354,0.02,-5.7354,298
694657.0743,7460166.593,6.9216,0.02,-6.9216,299
694604.8585,7460179.497,5.6561,0.02,-5.6561,300
694639.8826,7460144.28,7.7247,0.02,-7.7247,301
694613.6945,7460115.968,7.7952,0.02,-7.7952,302
694626.7886,7460130.124,7.8369,0.02,-7.8369,303
694708.1344,7460111.906,9.0193,0.02,-9.0193,304
694745.67,7460053.395,11.484,0.02,-11.484,305
694688.7124,7460133.65,8.0811,0.02,-8.0811,306
694727.5564,7460090.163,9.8895,0.02,-9.8895,307
694763.7837,7460016.628,11.8501,0.02,-11.8501,308
694672.8933,7460150.121,7.4324,0.02,-7.4324,309
694652.8569,7460121.484,8.5656,0.02,-8.5656,310
694620.4879,7460233.706,4.9673,0.02,-4.9673,311
694601.4039,7460239.703,4.3161,0.02,-4.3161,312
694609.7719,7460218.509,4.9223,0.02,-4.9223,313
694595.7521,7460187.63,5.1824,0.02,-5.1824,314
694602.762,7460203.069,5.0417,0.02,-5.0417,315
694550.39,7460336.65,2.0732,0.02,-2.0732,316
694561.6387,7460320.882,2.1632,0.02,-2.1632,317
694572.8875,7460305.114,2.4952,0.02,-2.4952,318
694580.9216,7460287.769,2.9365,0.02,-2.9365,319
694588.9558,7460270.424,3.4812,0.02,-3.4812,320
694595.1798,7460255.064,3.8983,0.02,-3.8983,321
694931.6352,7459763.837,13.3515,0.02,-13.3515,322
694963.6642,7459717.687,13.6761,0.02,-13.6761,323
694899.6063,7459809.987,13.0473,0.02,-13.0473,324
695031.1359,7459617.239,14.3414,0.02,-14.3414,325
694997.4,7459667.463,14.0257,0.02,-14.0257,326
694872.1576,7459850.615,12.7999,0.02,-12.7999,327
694844.7089,7459891.244,12.5292,0.02,-12.5292,328
694823.1576,7459921.339,12.3219,0.02,-12.3219,329
694801.6063,7459951.434,12.2403,0.02,-12.2403,330
694782.695,7459984.031,12.0273,0.02,-12.0273,331
694611.8417,7460089.75,8.1938,0.02,-8.1938,332
694632.3493,7460105.617,8.8462,0.02,-8.8462,333
694506.5,7460398.5,2.48,0.15,-2.48,334
694510.5,7460392,2.48,0.15,-2.48,335
694508.5,7460395.25,2.48,0.15,-2.48,336
694483,7460383,2.48,0.15,-2.48,337
694487,7460377,2.48,0.15,-2.48,338
694485,7460380,2.48,0.15,-2.48,339
694678.3052,7460070.07,10.0788,0.02,-10.0788,340
694703.0795,7460010.917,11.631,0.02,-11.631,341
694665.8312,7460098.687,9.2988,0.02,-9.2988,342
694690.7791,7460041.453,10.8947,0.02,-10.8947,343
694715.3798,7459980.381,12.0522,0.02,-12.0522,344
694587.94,7460228.5,4.1028,0.02,-4.1028,345
694586.6457,7460195.762,4.709,0.02,-4.709,346
694587.2929,7460212.131,4.3487,0.02,-4.3487,347
694537.19,7460332.9,2.0263,0.02,-2.0263,348
694547.0725,7460315.164,2.1296,0.02,-2.1296,349
694556.955,7460297.427,2.4052,0.02,-2.4052,350
694563.8025,7460280.964,2.7305,0.02,-2.7305,351
694570.65,7460264.5,3.1275,0.02,-3.1275,352
694579.295,7460246.5,3.597,0.02,-3.597,353
694837.3207,7459700.168,14.0349,0.02,-14.0349,354
694860.4013,7459647.206,14.508,0.02,-14.508,355
694814.2401,7459753.129,13.5381,0.02,-13.5381,356
694906.9897,7459524.443,15.508,0.02,-15.508,357
694883.6955,7459585.825,14.9979,0.02,-14.9979,358
694794.7703,7459798.942,13.1783,0.02,-13.1783,359
694775.3005,7459844.755,12.9218,0.02,-12.9218,360
694760.5105,7459876.632,12.7643,0.02,-12.7643,361
694745.7204,7459908.509,12.6397,0.02,-12.6397,362
694730.5501,7459944.445,12.4286,0.02,-12.4286,363
694609.9889,7460063.532,8.449,0.02,-8.449,364
694637.9101,7460081.11,9.448,0.02,-9.448,365
694600.7735,7460035.332,8.3487,0.02,-8.3487,366
694639.5393,7460052.701,9.9271,0.02,-9.9271,367
694641.1686,7460024.292,10.5264,0.02,-10.5264,368
694650.9885,7459992.334,11.1239,0.02,-11.1239,369
694660.8084,7459960.377,11.3587,0.02,-11.3587,370
694670.1547,7459924.828,11.6347,0.02,-11.6347,371
694679.5009,7459889.279,11.8903,0.02,-11.8903,372
694558.8975,7460242.5,3.0831,0.02,-3.0831,373
694566.8229,7460195.881,4.0878,0.02,-4.0878,374
694566.1464,7460211.066,3.7146,0.02,-3.7146,375
694552.325,7460258.75,2.7247,0.02,-2.7247,376
694565.47,7460226.25,3.4664,0.02,-3.4664,377
694529.095,7460319.45,1.9915,0.02,-1.9915,378
694535.0362,7460304.082,2.0765,0.02,-2.0765,379
694521,7460306,1.9683,0.02,-1.9683,380
694523,7460293,1.9631,0.02,-1.9631,381
694540.9775,7460288.714,2.2293,0.02,-2.2293,382
694546.6512,7460273.732,2.4406,0.02,-2.4406,383
694733.4473,7459669.032,13.9537,0.02,-13.9537,384
694745.6647,7459616.063,14.6022,0.02,-14.6022,385
694721.2299,7459722.001,13.3922,0.02,-13.3922,386
694770.598,7459489.118,15.6531,0.02,-15.6531,387
694758.1313,7459552.59,15.2634,0.02,-15.2634,388
694709.9229,7459769.535,12.8885,0.02,-12.8885,389
694698.6159,7459817.069,12.441,0.02,-12.441,390
694689.0584,7459853.174,12.1486,0.02,-12.1486,391
694505,7460297.5,1.9742,0.02,-1.9742,392
694506.5,7460285.5,1.9688,0.02,-1.9688,393
694461.5,7460369,2.48,0.15,-2.48,394
694465.5,7460362.5,2.48,0.15,-2.48,395
694463.5,7460365.75,2.48,0.15,-2.48,396
694440,7460355,2.48,0.15,-2.48,397
694444,7460348,2.48,0.15,-2.48,398
694442,7460351.5,2.48,0.15,-2.48,399
694591.5581,7460007.131,8.1256,0.02,-8.1256,400
694598.8976,7459973.752,8.5643,0.02,-8.5643,401
694606.237,7459940.373,9.1299,0.02,-9.1299,402
694609.7592,7459905.211,9.7844,0.02,-9.7844,403
694613.2814,7459870.049,10.4595,0.02,-10.4595,404
694538.5,7460238.5,2.5502,0.02,-2.5502,405
694547,7460196,3.4666,0.02,-3.4666,406
694545,7460210,3.0803,0.02,-3.0803,407
694534,7460253,2.2973,0.02,-2.2973,408
694543,7460224,2.8183,0.02,-2.8183,409
694525,7460280,1.9581,0.02,-1.9581,410
694529.5,7460266.5,2.0677,0.02,-2.0677,411
694629.5739,7459637.896,13.622,0.02,-13.622,412
694630.9281,7459584.92,14.3923,0.02,-14.3923,413
694628.2196,7459690.872,12.8679,0.02,-12.8679,414
694634.2063,7459453.793,16.3208,0.02,-16.3208,415
694632.5672,7459519.357,15.3521,0.02,-15.3521,416
694625.0755,7459740.127,12.3044,0.02,-12.3044,417
694621.9313,7459789.382,11.6042,0.02,-11.6042,418
694617.6064,7459829.716,11.1093,0.02,-11.1093,419
694489,7460289,1.979,0.02,-1.979,420
694490,7460278,1.9735,0.02,-1.9735,421
694508,7460273.5,1.9636,0.02,-1.9636,422
694491,7460267,1.9719,0.02,-1.9719,423
694421,7460342.5,2.48,0.15,-2.48,424
694425,7460336,2.48,0.15,-2.48,425
694423,7460339.25,2.48,0.15,-2.48,426
694552.1334,7460009.386,5.8161,0.02,-5.8161,427
694554.9237,7459971.457,5.7975,0.02,-5.7975,428
694557.714,7459933.528,6.2394,0.02,-6.2394,429
694559.4751,7459897.419,7.199,0.02,-7.199,430
694561.2362,7459861.31,8.6422,0.02,-8.6422,431
694561.1529,7459820.931,9.813,0.02,-9.813,432
694561.0695,7459780.552,10.7385,0.02,-10.7385,433
694518.5,7460235,2.185,0.02,-2.185,434
694515,7460248.5,2.086,0.02,-2.086,435
694522,7460221.5,2.2934,0.02,-2.2934,436
694525.5,7460197,2.7728,0.02,-2.7728,437
694523.75,7460209.25,2.4751,0.02,-2.4751,438
694511.5,7460261,2.0025,0.02,-2.0025,439
694493.5,7460255.5,2.0225,0.02,-2.0225,440
694553.7436,7459630.772,14.0486,0.02,-14.0486,441
694548.0366,7459577.638,15.0144,0.02,-15.0144,442
694559.4505,7459683.907,12.9809,0.02,-12.9809,443
694533.4384,7459452.214,16.8608,0.02,-16.8608,444
694540.7375,7459514.926,15.9845,0.02,-15.9845,445
694560.26,7459732.229,11.9214,0.02,-11.9214,446
694470,7460284,1.9859,0.02,-1.9859,447
694471.25,7460273.5,1.9797,0.02,-1.9797,448
694472.5,7460263,1.9877,0.02,-1.9877,449
694474.75,7460251.5,2.018,0.02,-2.018,450
694402,7460330,2.48,0.15,-2.48,451
694406,7460324,2.48,0.15,-2.48,452
694404,7460327,2.48,0.15,-2.48,453
694512.7087,7460011.641,3.8922,0.02,-3.8922,454
694510.9499,7459969.162,3.639,0.02,-3.639,455
694509.191,7459926.683,4.3097,0.02,-4.3097,456
694509.191,7459889.627,5.7307,0.02,-5.7307,457
694509.191,7459852.571,7.835,0.02,-7.835,458
694504.6994,7459812.146,9.4232,0.02,-9.4232,459
694500.2077,7459771.722,10.7935,0.02,-10.7935,460
694498.5,7460231.5,2.1458,0.02,-2.1458,461
694496,7460244,2.0788,0.02,-2.0788,462
694501,7460219,2.219,0.02,-2.219,463
694504,7460198,2.5121,0.02,-2.5121,464
694502.5,7460208.5,2.3408,0.02,-2.3408,465
694477.9133,7459623.648,14.7762,0.02,-14.7762,466
694465.1452,7459570.355,15.8106,0.02,-15.8106,467
694490.6815,7459676.941,13.5333,0.02,-13.5333,468
694432.6704,7459450.635,17.6697,0.02,-17.6697,469
694448.9078,7459510.495,16.8107,0.02,-16.8107,470
694495.4446,7459724.332,12.2616,0.02,-12.2616,471
694451,7460279,1.992,0.02,-1.992,472
694452.5,7460269,1.9852,0.02,-1.9852,473
694454,7460259,1.9888,0.02,-1.9888,474
694477,7460240,2.0534,0.02,-2.0534,475
694456,7460247.5,1.9986,0.02,-1.9986,476
694458,7460236,2.0129,0.02,-2.0129,477
694465.8252,7459989.19,2.5799,0.02,-2.5799,478
694463.3398,7459957.58,2.821,0.02,-2.821,479
694460.8546,7459925.971,3.8699,0.02,-3.8699,480
694456.3939,7459890.237,5.5238,0.02,-5.5238,481
694451.9333,7459854.504,7.9225,0.02,-7.9225,482
694442.4955,7459816.405,9.9131,0.02,-9.9131,483
694433.0576,7459778.306,11.5487,0.02,-11.5487,484
694422.3524,7459733.302,12.9721,0.02,-12.9721,485
694411.6472,7459688.299,14.1616,0.02,-14.1616,486
694479,7460227.75,2.0953,0.02,-2.0953,487
694481,7460215.5,2.1421,0.02,-2.1421,488
694459.5,7460224,2.0303,0.02,-2.0303,489
694482.5,7460193.5,2.3104,0.02,-2.3104,490
694481.75,7460204.5,2.2219,0.02,-2.2219,491
694393.6982,7459639.507,15.3122,0.02,-15.3122,492
694375.7492,7459590.715,16.2564,0.02,-16.2564,493
694337.7962,7459478.842,17.9786,0.02,-17.9786,494
694356.7727,7459534.779,17.1807,0.02,-17.1807,495
694434,7460279,1.9999,0.02,-1.9999,496
694434.5,7460268,1.992,0.02,-1.992,497
694435,7460257,1.9776,0.02,-1.9776,498
694417,7460279,2.0077,0.02,-2.0077,499
694416.5,7460267,1.9968,0.02,-1.9968,500
694437.25,7460244.75,1.9657,0.02,-1.9657,501
694439.5,7460232.5,1.9593,0.02,-1.9593,502
694440.75,7460220,1.9539,0.02,-1.9539,503
694402.5,7460282,2.0101,0.02,-2.0101,504
694404.5,7460271.75,2.0032,0.02,-2.0032,505
694391,7460314,2.48,0.15,-2.48,506
694384.5,7460318.5,2.48,0.15,-2.48,507
694387.75,7460316.25,2.48,0.15,-2.48,508
694376,7460304,2.48,0.15,-2.48,509
694367,7460307,2.48,0.15,-2.48,510
694371.5,7460305.5,2.48,0.15,-2.48,511
694418.9416,7459966.738,1.8979,0.02,-1.8979,512
694415.7299,7459945.998,2.4265,0.02,-2.4265,513
694412.5181,7459925.258,3.4408,0.02,-3.4408,514
694403.5968,7459890.847,5.43,0.02,-5.43,515
694394.6756,7459856.436,8.1954,0.02,-8.1954,516
694380.2916,7459820.663,10.5423,0.02,-10.5423,517
694365.9075,7459784.89,12.352,0.02,-12.352,518
694349.2602,7459742.274,13.7381,0.02,-13.7381,519
694332.6129,7459699.657,14.8227,0.02,-14.8227,520
694461,7460212,2.0468,0.02,-2.0468,521
694461,7460189,2.0382,0.02,-2.0382,522
694461,7460200.5,2.0425,0.02,-2.0425,523
694309.4831,7459655.366,15.8298,0.02,-15.8298,524
694286.3533,7459611.075,16.6044,0.02,-16.6044,525
694242.9219,7459507.049,18.0041,0.02,-18.0041,526
694264.6376,7459559.062,17.3263,0.02,-17.3263,527
694416,7460255,1.9588,0.02,-1.9588,528
694418.5,7460242,1.9227,0.02,-1.9227,529
694421,7460229,1.893,0.02,-1.893,530
694442,7460207.5,1.903,0.02,-1.903,531
694422,7460216,1.8627,0.02,-1.8627,532
694423,7460203,1.6969,0.02,-1.6969,533
694388,7460285,2.0092,0.02,-2.0092,534
694392.5,7460276.5,2.0052,0.02,-2.0052,535
694406.5,7460261.5,1.9794,0.02,-1.9794,536
694397,7460268,2.0004,0.02,-2.0004,537
694366.427,7459947.348,1.0465,0.02,-1.0465,538
694363.2153,7459926.608,2.7518,0.02,-2.7518,539
694350.9384,7459895.73,5.5284,0.02,-5.5284,540
694338.6616,7459864.852,8.3243,0.02,-8.3243,541
694322.8061,7459833.801,10.8937,0.02,-10.8937,542
694306.9505,7459802.749,12.5463,0.02,-12.5463,543
694287.196,7459762.982,14.0005,0.02,-14.0005,544
694267.4414,7459723.215,14.9939,0.02,-14.9939,545
694240.6386,7459683.76,15.7179,0.02,-15.7179,546
694213.8359,7459644.306,16.3891,0.02,-16.3891,547
694437.5,7460181,1.6325,0.02,-1.6325,548
694439.75,7460194.25,1.7786,0.02,-1.7786,549
694418.5,7460188,1.4179,0.02,-1.4179,550
694153.1525,7459552.402,17.5694,0.02,-17.5694,551
694183.4942,7459598.354,17.0262,0.02,-17.0262,552
694393.25,7460259.75,1.9749,0.02,-1.9749,553
694401.25,7460239,1.9062,0.02,-1.9062,554
694387.5,7460268,2.0001,0.02,-2.0001,555
694403.5,7460226.5,1.8638,0.02,-1.8638,556
694399,7460251.5,1.9476,0.02,-1.9476,557
694404.5,7460214.25,1.815,0.02,-1.815,558
694405.5,7460202,1.599,0.02,-1.599,559
694403.75,7460188.75,1.3695,0.02,-1.3695,560
694378.5,7460286,2.0078,0.02,-2.0078,561
694383,7460277,2.0043,0.02,-2.0043,562
694361.5,7460298,2.48,0.15,-2.48,563
694372.5,7460295.5,2.48,0.15,-2.48,564
694367,7460296.75,2.48,0.15,-2.48,565
694362.5,7460288,2.48,0.02,-2.48,566
694356,7460289,2.48,0.02,-2.48,567
694369,7460287,2.48,0.02,-2.48,568
694313.9125,7459927.958,1.968,0.02,-1.968,569
694298.2801,7459900.613,5.4475,0.02,-5.4475,570
694282.6476,7459873.267,8.4924,0.02,-8.4924,571
694265.3206,7459846.938,11.1432,0.02,-11.1432,572
694247.9935,7459820.608,12.5917,0.02,-12.5917,573
694225.1317,7459783.691,14.1146,0.02,-14.1146,574
694202.2698,7459746.773,15.0677,0.02,-15.0677,575
694171.7942,7459712.154,15.663,0.02,-15.663,576
694141.3185,7459677.536,16.1084,0.02,-16.1084,577
694414,7460173,1.0897,0.02,-1.0897,578
694063.383,7459597.755,17.1517,0.02,-17.1517,579
694102.3508,7459637.646,16.7006,0.02,-16.7006,580
694384,7460236,1.9051,0.02,-1.9051,581
694380,7460258,1.9712,0.02,-1.9712,582
694378,7460268,1.9998,0.02,-1.9998,583
694382,7460248,1.9415,0.02,-1.9415,584
694386,7460224,1.8679,0.02,-1.8679,585
694387,7460212.5,1.8008,0.02,-1.8008,586
694388,7460201,1.6049,0.02,-1.6049,587
694389,7460189.5,1.4082,0.02,-1.4082,588
694402,7460175.5,1.1416,0.02,-1.1416,589
694390,7460178,1.2108,0.02,-1.2108,590
694373.5,7460277.5,2.0034,0.02,-2.0034,591
694364.25,7460277.75,2.0023,0.02,-2.0023,592
694366,7460267.5,1.9986,0.02,-1.9986,593
694355,7460278,2.0012,0.02,-2.0012,594
694346.5,7460287.5,2.0013,0.02,-2.0013,595
694345.5,7460276.75,1.9998,0.02,-1.9998,596
694282.5917,7459967.661,-0.4277,0.02,0.4277,597
694247.1436,7459923.362,4.3563,0.02,-4.3563,598
694265.4556,7459947.954,0.7366,0.02,-0.7366,599
694228.8318,7459898.769,7.6992,0.02,-7.6992,600
694208.422,7459873.467,10.2008,0.02,-10.2008,601
694188.0123,7459848.164,12.4037,0.02,-12.4037,602
694164.8351,7459817.277,13.6441,0.02,-13.6441,603
694141.658,7459786.389,14.5886,0.02,-14.5886,604
694109.6296,7459754.78,15.2649,0.02,-15.2649,605
694077.6011,7459723.172,15.7963,0.02,-15.7963,606
694000.7474,7459652.283,16.519,0.02,-16.519,607
694039.1742,7459687.728,16.1312,0.02,-16.1312,608
694395.5,7460159.5,0.9098,0.02,-0.9098,609
694386,7460166,1.0167,0.02,-1.0167,610
694376.5,7460172.5,1.1485,0.02,-1.1485,611
694367.75,7460234.5,1.9093,0.02,-1.9093,612
694367,7460247.5,1.9447,0.02,-1.9447,613
694368.5,7460221.5,1.8735,0.02,-1.8735,614
694366.5,7460257.5,1.9717,0.02,-1.9717,615
694370.25,7460209.25,1.7635,0.02,-1.7635,616
694372,7460197,1.5608,0.02,-1.5608,617
694374.25,7460184.75,1.3556,0.02,-1.3556,618
694354,7460267,1.997,0.02,-1.997,619
694337,7460286,1.9992,0.02,-1.9992,620
694336,7460275.5,1.9987,0.02,-1.9987,621
694344.5,7460266,1.9946,0.02,-1.9946,622
694335,7460265,1.9924,0.02,-1.9924,623
694234.1348,7459987.657,0.9849,0.02,-0.9849,624
694196.0073,7459946.111,3.9801,0.02,-3.9801,625
694251.2709,7460007.364,0.1589,0.02,-0.1589,626
694216.9986,7459967.95,2.1497,0.02,-2.1497,627
694175.0159,7459924.271,6.9556,0.02,-6.9556,628
694151.5235,7459899.996,9.7453,0.02,-9.7453,629
694128.031,7459875.72,11.5818,0.02,-11.5818,630
694104.5386,7459850.863,12.9728,0.02,-12.9728,631
694081.0462,7459826.005,13.8443,0.02,-13.8443,632
694047.4649,7459797.406,14.5908,0.02,-14.5908,633
694013.8837,7459768.807,15.1221,0.02,-15.1221,634
693938.1117,7459706.812,15.9795,0.02,-15.9795,635
693975.9977,7459737.81,15.625,0.02,-15.625,636
694377,7460146,0.8497,0.02,-0.8497,637
694370,7460156.5,0.9415,0.02,-0.9415,638
694363,7460167,1.0914,0.02,-1.0914,639
694351.5,7460233,1.9142,0.02,-1.9142,640
694352,7460247,1.9482,0.02,-1.9482,641
694351,7460219,1.8806,0.02,-1.8806,642
694353,7460257,1.9724,0.02,-1.9724,643
694353.5,7460206,1.7299,0.02,-1.7299,644
694356,7460193,1.521,0.02,-1.521,645
694359.5,7460180,1.3078,0.02,-1.3078,646
694339.5,7460256.75,1.9739,0.02,-1.9739,647
694326,7460256.5,1.9755,0.02,-1.9755,648
694334.5,7460247.5,1.9548,0.02,-1.9548,649
694325,7460285,1.9968,0.02,-1.9968,650
694325.5,7460270.75,1.998,0.02,-1.998,651
694213.4987,7460009.455,1.2729,0.02,-1.2729,652
694233.5305,7460026.625,0.8589,0.02,-0.8589,653
694193.4668,7459992.287,2.1851,0.02,-2.1851,654
694167.1617,7459973.181,4.1531,0.02,-4.1531,655
694140.8566,7459954.075,6.3571,0.02,-6.3571,656
694268.0832,7460032.373,-0.0298,0.02,0.0298,657
694253.3422,7460045.767,0.5197,0.02,-0.5197,658
694284.8955,7460057.382,-0.1621,0.02,0.1621,659
694273.1539,7460064.911,0.2346,0.02,-0.2346,660
694112.6875,7459935.54,8.8588,0.02,-8.8588,661
694084.5184,7459917.004,10.8907,0.02,-10.8907,662
694056.1476,7459897.422,12.0049,0.02,-12.0049,663
694027.7767,7459877.839,12.7229,0.02,-12.7229,664
693995.0338,7459855.821,13.438,0.02,-13.438,665
693962.2909,7459833.803,14.0205,0.02,-14.0205,666
693880.0714,7459781.884,15.1485,0.02,-15.1485,667
693921.1812,7459807.843,14.642,0.02,-14.642,668
694363,7460135.5,0.7406,0.02,-0.7406,669
694355.5,7460148.25,0.8717,0.02,-0.8717,670
694348,7460161,1.0378,0.02,-1.0378,671
694343.25,7460175,1.2643,0.02,-1.2643,672
694338.5,7460189,1.4883,0.02,-1.4883,673
694333.75,7460232.5,1.923,0.02,-1.923,674
694333,7460217.5,1.8916,0.02,-1.8916,675
694335.75,7460203.25,1.709,0.02,-1.709,676
694314.4478,7460074.191,-0.2504,0.02,0.2504,677
694296.8269,7460079.705,-0.2029,0.02,0.2029,678
694344,7460091,0.1741,0.02,-0.1741,679
694320.5,7460094.5,0.0205,0.02,-0.0205,680
694346.5,7460108,0.3468,0.02,-0.3468,681
694326.75,7460109.25,0.2239,0.02,-0.2239,682
694317,7460248,1.9612,0.02,-1.9612,683
694313,7460284,1.9946,0.02,-1.9946,684
694315,7460266,1.9946,0.02,-1.9946,685
694192.8626,7460031.255,2.0173,0.02,-2.0173,686
694215.7901,7460045.886,1.5118,0.02,-1.5118,687
694169.935,7460016.623,2.8615,0.02,-2.8615,688
694138.3162,7460000.251,4.3637,0.02,-4.3637,689
694106.6973,7459983.879,6.6635,0.02,-6.6635,690
694238.6012,7460059.163,1.0539,0.02,-1.0539,691
694261.4123,7460072.439,0.6355,0.02,-0.6355,692
694073.8516,7459971.084,8.9097,0.02,-8.9097,693
694041.0059,7459958.289,10.0826,0.02,-10.0826,694
694007.7565,7459943.981,11.0001,0.02,-11.0001,695
693974.5072,7459929.674,11.739,0.02,-11.739,696
693942.6027,7459914.236,12.4878,0.02,-12.4878,697
693910.6981,7459898.798,13.1436,0.02,-13.1436,698
693822.0312,7459856.955,14.3256,0.02,-14.3256,699
693866.3646,7459877.877,13.8799,0.02,-13.8799,700
694341,7460140,0.7581,0.02,-0.7581,701
694349,7460125,0.5777,0.02,-0.5777,702
694333,7460155,0.9824,0.02,-0.9824,703
694327,7460170,1.2265,0.02,-1.2265,704
694321,7460185,1.4605,0.02,-1.4605,705
694316,7460232,1.9321,0.02,-1.9321,706
694315,7460216,1.9036,0.02,-1.9036,707
694318,7460200.5,1.6914,0.02,-1.6914,708
694279.2062,7460085.22,0.3288,0.02,-0.3288,709
694297,7460098,0.0109,0.02,-0.0109,710
694307,7460110.5,0.113,0.02,-0.113,711
694333,7460124,0.4977,0.02,-0.4977,712
694317,7460123,0.4118,0.02,-0.4118,713
694296,7460281.5,1.9841,0.02,-1.9841,714
694296.25,7460264,1.9967,0.02,-1.9967,715
694296,7460230,1.9583,0.02,-1.9583,716
694296.5,7460246.5,1.9757,0.02,-1.9757,717
694295.5,7460213.5,1.9272,0.02,-1.9272,718
694174.4063,7460056.033,2.8526,0.02,-2.8526,719
694198.5565,7460067.175,2.2019,0.02,-2.2019,720
694150.2561,7460044.891,3.7741,0.02,-3.7741,721
694221.1313,7460077.697,1.7604,0.02,-1.7604,722
694243.7062,7460088.22,1.3071,0.02,-1.3071,723
694120.4977,7460030.907,5.0078,0.02,-5.0078,724
694090.7394,7460016.923,6.3472,0.02,-6.3472,725
694057.2657,7460006.459,7.6255,0.02,-7.6255,726
694023.792,7459995.995,8.8913,0.02,-8.8913,727
694262.9758,7460100.356,0.9513,0.02,-0.9513,728
694282.2454,7460112.493,0.6013,0.02,-0.6013,729
693991.4724,7459984.478,10.0789,0.02,-10.0789,730
693959.1528,7459972.961,11.0063,0.02,-11.0063,731
693923.8714,7459960.751,11.8283,0.02,-11.8283,732
693888.59,7459948.541,12.5822,0.02,-12.5822,733
693792.2638,7459915.956,13.8667,0.02,-13.8667,734
693840.4269,7459932.248,13.4181,0.02,-13.4181,735
694324,7460137.5,0.6931,0.02,-0.6931,736
694315,7460151,0.933,0.02,-0.933,737
694307,7460135,0.6126,0.02,-0.6126,738
694308.5,7460166,1.2143,0.02,-1.2143,739
694302,7460181,1.4405,0.02,-1.4405,740
694298.75,7460197.25,1.6872,0.02,-1.6872,741
694294.6227,7460123.746,0.5031,0.02,-0.5031,742
694279,7460279,1.9642,0.02,-1.9642,743
694277.5,7460262,2.0189,0.02,-2.0189,744
694276,7460228,2.0445,0.02,-2.0445,745
694276,7460245,2.0327,0.02,-2.0327,746
694276,7460211,2.0159,0.02,-2.0159,747
694155.95,7460080.811,3.8723,0.02,-3.8723,748
694181.3229,7460088.463,3.0379,0.02,-3.0379,749
694130.5771,7460073.159,4.737,0.02,-4.737,750
694203.6615,7460096.232,2.4829,0.02,-2.4829,751
694226,7460104,1.9926,0.02,-1.9926,752
694102.6793,7460061.563,5.6973,0.02,-5.6973,753
694074.7815,7460049.966,6.7728,0.02,-6.7728,754
694040.6799,7460041.834,7.8913,0.02,-7.8913,755
694006.5782,7460033.702,8.9881,0.02,-8.9881,756
694246.7454,7460115.493,1.552,0.02,-1.552,757
694267.4907,7460126.985,1.1787,0.02,-1.1787,758
693975.1883,7460024.975,9.9832,0.02,-9.9832,759
693943.7984,7460016.249,10.761,0.02,-10.761,760
693905.1402,7460007.266,11.5996,0.02,-11.5996,761
693866.4819,7459998.283,12.4756,0.02,-12.4756,762
693762.4964,7459974.957,13.5107,0.02,-13.5107,763
693814.4891,7459986.62,13.1004,0.02,-13.1004,764
694297,7460147,0.9256,0.02,-0.9256,765
694290,7460162,1.3294,0.02,-1.3294,766
694283,7460177,1.5938,0.02,-1.5938,767
694279.5,7460194,1.8142,0.02,-1.8142,768
694282.2454,7460136.993,1.0158,0.02,-1.0158,769
694262,7460278.5,1.945,0.02,-1.945,770
694259,7460261.5,2.0442,0.02,-2.0442,771
694256,7460244.5,2.0913,0.02,-2.0913,772
694255.75,7460226,2.1391,0.02,-2.1391,773
694255.5,7460207.5,2.1196,0.02,-2.1196,774
694259.25,7460189,1.9572,0.02,-1.9572,775
694263,7460170.5,1.7731,0.02,-1.7731,776
694144.0569,7460107.978,4.6165,0.02,-4.6165,777
694169.1581,7460114.82,3.7145,0.02,-3.7145,778
694118.9558,7460101.137,5.4324,0.02,-5.4324,779
694190.329,7460120.66,2.9526,0.02,-2.9526,780
694211.5,7460126.5,2.4398,0.02,-2.4398,781
694090.2125,7460093.171,6.3986,0.02,-6.3986,782
694061.4691,7460085.205,7.2902,0.02,-7.2902,783
694233.3727,7460135.996,1.991,0.02,-1.991,784
694255.2454,7460145.493,1.6445,0.02,-1.6445,785
694029.1054,7460078.716,8.2252,0.02,-8.2252,786
693996.7417,7460072.228,9.1903,0.02,-9.1903,787
693964.7027,7460064.519,10.1781,0.02,-10.1781,788
693932.6637,7460056.811,10.7995,0.02,-10.7995,789
694272.6227,7460153.746,1.4524,0.02,-1.4524,790
693891.0432,7460049.475,11.6182,0.02,-11.6182,791
693849.4228,7460042.138,12.4378,0.02,-12.4378,792
693744.3954,7460021.704,13.338,0.02,-13.338,793
693796.9091,7460031.921,12.9092,0.02,-12.9092,794
693726.2944,7460068.451,13.095,0.02,-13.095,795
693779.3291,7460077.222,12.7419,0.02,-12.7419,796
693713.3933,7460136.849,12.5879,0.02,-12.5879,797
693765.9901,7460142.419,12.5511,0.02,-12.5511,798
693700.4922,7460205.246,12.1642,0.02,-12.1642,799
693752.6512,7460207.615,12.3156,0.02,-12.3156,800
693701.8469,7460296.204,9.5171,0.02,-9.5171,801
693752.8981,7460283.661,10.0188,0.02,-10.0188,802
693703.2017,7460387.162,3.1174,0.02,-3.1174,803
693753.1449,7460359.707,3.6568,0.02,-3.6568,804
693757.4501,7460387.261,1.3972,0.02,-1.3972,805
694245,7460278,1.929,0.02,-1.929,806
694240.5,7460261,2.0713,0.02,-2.0713,807
694236,7460244,2.1517,0.02,-2.1517,808
694235.5,7460224,2.2412,0.02,-2.2412,809
694235,7460204,2.2459,0.02,-2.2459,810
694239,7460184,2.1321,0.02,-2.1321,811
694243,7460164,1.9932,0.02,-1.9932,812
694132.1638,7460135.146,4.9352,0.02,-4.9352,813
694156.9932,7460141.177,4.0125,0.02,-4.0125,814
694107.3345,7460129.114,5.8464,0.02,-5.8464,815
694176.9966,7460145.089,3.2662,0.02,-3.2662,816
694197,7460149,2.6762,0.02,-2.6762,817
694077.7456,7460124.779,6.912,0.02,-6.912,818
694048.1568,7460120.444,7.7711,0.02,-7.7711,819
694220,7460156.5,2.2949,0.02,-2.2949,820
694017.531,7460115.599,8.6332,0.02,-8.6332,821
693986.9053,7460110.754,9.4767,0.02,-9.4767,822
693954.2171,7460104.064,10.2982,0.02,-10.2982,823
693921.5289,7460097.373,10.9311,0.02,-10.9311,824
693876.9463,7460091.683,11.784,0.02,-11.784,825
693832.3637,7460085.993,12.3747,0.02,-12.3747,826
693818.587,7460147.989,12.3764,0.02,-12.3764,827
693804.8102,7460209.984,12.229,0.02,-12.229,828
693803.9492,7460271.118,11.0697,0.02,-11.0697,829
693803.0881,7460332.252,7.4898,0.02,-7.4898,830
693811.6986,7460387.359,2.2971,0.02,-2.2971,831
693807.3934,7460359.806,4.4964,0.02,-4.4964,832
694232.5,7460286,1.8076,0.02,-1.8076,833
694223.75,7460266.25,2.066,0.02,-2.066,834
694215,7460246.5,2.198,0.02,-2.198,835
694213.25,7460224,2.3477,0.02,-2.3477,836
694211.5,7460201.5,2.4182,0.02,-2.4182,837
694215.75,7460179,2.3725,0.02,-2.3725,838
694192.5,7460174,2.6493,0.02,-2.6493,839
694124.8541,7460167.047,5.0419,0.02,-5.0419,840
694151.9245,7460170.069,4.0334,0.02,-4.0334,841
694097.7838,7460164.026,6.0689,0.02,-6.0689,842
694172.2122,7460172.034,3.2913,0.02,-3.2913,843
694068.3027,7460163.95,7.1082,0.02,-7.1082,844
694038.8216,7460163.874,8.0292,0.02,-8.0292,845
694007.0331,7460162.446,9.0358,0.02,-9.0358,846
693975.2446,7460161.018,10.0258,0.02,-10.0258,847
693942.4559,7460157.672,10.7233,0.02,-10.7233,848
693909.6671,7460154.327,11.2737,0.02,-11.2737,849
693864.127,7460151.158,12.0543,0.02,-12.0543,850
693851.3077,7460210.633,12.1636,0.02,-12.1636,851
693849.9563,7460267.655,11.5438,0.02,-11.5438,852
693848.6049,7460324.676,9.0008,0.02,-9.0008,853
693857.0697,7460387.118,2.9797,0.02,-2.9797,854
693852.8373,7460355.897,5.6125,0.02,-5.6125,855
694207,7460271.5,2.0031,0.02,-2.0031,856
694220,7460294,1.6481,0.02,-1.6481,857
694194,7460249,2.2348,0.02,-2.2348,858
694191,7460224,2.4543,0.02,-2.4543,859
694188,7460199,2.6247,0.02,-2.6247,860
694117.5444,7460198.949,4.9351,0.02,-4.9351,861
694146.8558,7460198.96,3.9739,0.02,-3.9739,862
694088.233,7460198.938,5.8964,0.02,-5.8964,863
694167.4279,7460198.98,3.2992,0.02,-3.2992,864
694058.8597,7460203.121,6.8225,0.02,-6.8225,865
694029.4864,7460207.304,7.7867,0.02,-7.7867,866
693996.5352,7460209.292,8.919,0.02,-8.919,867
693963.584,7460211.281,10.0534,0.02,-10.0534,868
693930.6946,7460211.281,10.6741,0.02,-10.6741,869
693897.8052,7460211.281,11.2948,0.02,-11.2948,870
693895.9634,7460264.191,10.6626,0.02,-10.6626,871
693894.1216,7460317.1,8.4035,0.02,-8.4035,872
693902.4408,7460386.876,2.9886,0.02,-2.9886,873
693898.2812,7460351.988,5.4384,0.02,-5.4384,874
694185.1628,7460281.822,1.8594,0.02,-1.8594,875
694170.9348,7460255.913,2.6348,0.02,-2.6348,876
694199.3909,7460307.731,1.2912,0.02,-1.2912,877
694249.2942,7460324.716,1.4859,0.02,-1.4859,878
694234.6471,7460309.358,1.5111,0.02,-1.5111,879
694235.1917,7460334.48,1.2965,0.02,-1.2965,880
694217.2913,7460321.105,1.1987,0.02,-1.1987,881
694169.1813,7460227.447,3.0042,0.02,-3.0042,882
694147.3627,7460230.893,3.592,0.02,-3.592,883
694118.9009,7460234.494,4.3436,0.02,-4.3436,884
694090.4391,7460238.095,5.0665,0.02,-5.0665,885
694062.5561,7460244.246,5.8278,0.02,-5.8278,886
694034.6732,7460250.396,6.7485,0.02,-6.7485,887
694000.6948,7460255.114,7.957,0.02,-7.957,888
693966.7163,7460259.832,9.189,0.02,-9.189,889
693931.3399,7460262.011,9.9455,0.02,-9.9455,890
693931.9851,7460312.742,7.5385,0.02,-7.5385,891
693943.0336,7460390.624,2.8445,0.02,-2.8445,892
693937.5094,7460351.683,4.9395,0.02,-4.9395,893
694163.3256,7460292.144,2.1176,0.02,-2.1176,894
694147.8695,7460262.826,3.1171,0.02,-3.1171,895
694178.7817,7460321.462,1.1284,0.02,-1.1284,896
694199.9355,7460332.853,0.9228,0.02,-0.9228,897
694221.0892,7460344.243,1.0725,0.02,-1.0725,898
694120.2573,7460270.039,3.6388,0.02,-3.6388,899
694092.6451,7460277.252,4.09,0.02,-4.09,900
694066.2525,7460285.37,4.5917,0.02,-4.5917,901
694039.86,7460293.489,5.215,0.02,-5.215,902
694004.8543,7460300.936,6.029,0.02,-6.029,903
693969.8487,7460308.383,6.7125,0.02,-6.7125,904
693983.6264,7460394.372,2.6078,0.02,-2.6078,905
693976.7376,7460351.378,4.3817,0.02,-4.3817,906
694137.2892,7460304.008,2.4028,0.02,-2.4028,907
694154.3212,7460337.977,1.4079,0.02,-1.4079,908
694111.2529,7460315.872,2.653,0.02,-2.653,909
694176.5859,7460351.958,0.8106,0.02,-0.8106,910
694198.8507,7460365.939,0.5875,0.02,-0.5875,911
694260.1422,7460367.024,1.5041,0.02,-1.5041,912
694240.6157,7460355.634,1.2604,0.02,-1.2604,913
694245.3432,7460385.638,1.3031,0.02,-1.3031,914
694222.0969,7460375.788,0.8981,0.02,-0.8981,915
694230.5441,7460404.252,1.2269,0.02,-1.2269,916
694203.5781,7460395.944,0.8466,0.02,-0.8466,917
694086.7157,7460333.972,2.7893,0.02,-2.7893,918
694062.1787,7460352.072,2.8928,0.02,-2.8928,919
694034.0619,7460402.514,2.1532,0.02,-2.1532,920
694019.4581,7460351.725,3.6329,0.02,-3.6329,921
694212.4107,7460442.96,1.2782,0.02,-1.2782,922
694221.4774,7460423.606,1.2976,0.02,-1.2976,923
694183.1209,7460435.367,1.1552,0.02,-1.1552,924
694193.3495,7460415.655,0.9935,0.02,-0.9935,925
694129.8606,7460354.492,1.6313,0.02,-1.6313,926
694153.2364,7460371.064,0.9815,0.02,-0.9815,927
694176.6121,7460387.635,0.7149,0.02,-0.7149,928
694107.179,7460382.574,1.6975,0.02,-1.6975,929
694084.4973,7460410.655,1.8298,0.02,-1.8298,930
694153.8311,7460427.773,1.312,0.02,-1.312,931
694165.2216,7460407.704,1.0663,0.02,-1.0663,932
694136.2003,7460395.139,1.3051,0.02,-1.3051,933
694119.1642,7460419.214,1.5131,0.02,-1.5131,934
695049.75,7460609.5,-0.804,0.02,0.804,935
695050.5,7460601,-1.1019,0.02,1.1019,936
695041,7460607.5,-1.1049,0.02,1.1049,937
695049,7460618,-1.1062,0.02,1.1062,938
695041,7460601,-1.1031,0.02,1.1031,939
695041,7460614,-1.1067,0.02,1.1067,940
695062.5,7460628,-1.1052,0.02,1.1052,941
695057,7460622,-1.1054,0.02,1.1054,942
695058.5,7460611.5,-0.8029,0.02,0.8029,943
695065.5,7460623,-0.8036,0.02,0.8036,944
695068.25,7460614.5,-0.8017,0.02,0.8017,945
695060,7460601,-1.1006,0.02,1.1006,946
695071,7460606,-0.7999,0.02,0.7999,947
695075.5,7460599.75,-0.7985,0.02,0.7985,948
695080,7460593.5,-1.0973,0.02,1.0973,949
695062.5,7460595,-1.0992,0.02,1.0992,950
695065,7460589,-1.0979,0.02,1.0979,951
695071,7460629,-0.8032,0.02,0.8032,952
695068,7460634,-1.1048,0.02,1.1048,953
695079.75,7460634.25,-0.8016,0.02,0.8016,954
695076,7460639.5,-1.1071,0.02,1.1071,955
695074,7460624,-0.8018,0.02,0.8018,956
695083.5,7460629,-0.8001,0.02,0.8001,957
695078,7460617.5,-0.8002,0.02,0.8002,958
695087.5,7460622.5,-0.8022,0.02,0.8022,959
695112,7460598,-1.144,0.02,1.144,960
695101,7460595,-1.1197,0.02,1.1197,961
695107,7460592,-1.124,0.02,1.124,962
695082,7460611,-0.7987,0.02,0.7987,963
695095,7460598,-1.1125,0.02,1.1125,964
695088.5,7460604.5,-0.802,0.02,0.802,965
695091.5,7460616,-0.8147,0.02,0.8147,966
695106,7460601,-0.838,0.02,0.838,967
695098.75,7460608.5,-0.8309,0.02,0.8309,968
695088.5,7460639.5,-0.8141,0.02,0.8141,969
695084,7460645,-1.1494,0.02,1.1494,970
695096.75,7460644,-0.8917,0.02,0.8917,971
695092.5,7460649,-1.2099,0.02,1.2099,972
695093,7460634,-0.8308,0.02,0.8308,973
695097,7460627.5,-0.8441,0.02,0.8441,974
695101,7460639,-0.8763,0.02,0.8763,975
695105,7460632.5,-0.8869,0.02,0.8869,976
695101,7460621,-0.8531,0.02,0.8531,977
695117,7460604,-1.169,0.02,1.169,978
695109,7460626,-0.8932,0.02,0.8932,979
695109,7460612.5,-0.8668,0.02,0.8668,980
695116.25,7460617.25,-0.9013,0.02,0.9013,981
695123.5,7460608.5,-1.1987,0.02,1.1987,982
695105,7460648.5,-0.9645,0.02,0.9645,983
695101,7460653,-1.2787,0.02,1.2787,984
695112,7460652.75,-0.9254,0.02,0.9254,985
695108,7460657,-1.3369,0.02,1.3369,986
695109,7460644,-0.9527,0.02,0.9527,987
695116,7460648.5,-0.9161,0.02,0.9161,988
695113,7460637.5,-0.9364,0.02,0.9364,989
695121,7460642.75,-0.9049,0.02,0.9049,990
695117,7460631,-0.9401,0.02,0.9401,991
695123.5,7460622,-0.9416,0.02,0.9416,992
695130,7460613,-1.2332,0.02,1.2332,993
695126,7460637,-0.9021,0.02,0.9021,994
695132.75,7460628.75,-0.9041,0.02,0.9041,995
695139.5,7460620.5,-1.2967,0.02,1.2967,996
695119,7460657,-0.9823,0.02,0.9823,997
695115,7460661,-1.3914,0.02,1.3914,998
695125,7460661,-0.9301,0.02,0.9301,999
695121,7460664.5,-1.4357,0.02,1.4357,1000
695123,7460653,-0.9753,0.02,0.9753,1001
695129,7460657.5,-0.9264,0.02,0.9264,1002
695129,7460648,-0.9742,0.02,0.9742,1003
695134.75,7460653,-0.9269,0.02,0.9269,1004
695135,7460643,-0.977,0.02,0.977,1005
695140.5,7460648.5,-0.9308,0.02,0.9308,1006
695142,7460635.5,-0.9771,0.02,0.9771,1007
695149,7460628,-1.3723,0.02,1.3723,1008
695147.25,7460642.25,-0.9355,0.02,0.9355,1009
695154,7460636,-1.4401,0.02,1.4401,1010
695131,7460665,-0.9748,0.02,0.9748,1011
695127,7460668,-1.4772,0.02,1.4772,1012
695135.5,7460670.75,-0.9202,0.02,0.9202,1013
695131.5,7460673.5,-1.5219,0.02,1.5219,1014
695140,7460676.5,-1.5623,0.02,1.5623,1015
695136,7460679,-1.5634,0.02,1.5634,1016
695135,7460662,-0.974,0.02,0.974,1017
695146,7460654,-0.9807,0.02,0.9807,1018
695140.5,7460658,-0.9759,0.02,0.9759,1019
695139.5,7460668,-0.92,0.02,0.92,1020
695152.5,7460649,-0.989,0.02,0.989,1021
695159,7460644,-1.5015,0.02,1.5015,1022
695152,7460658.5,-0.9247,0.02,0.9247,1023
695145.75,7460663.25,-0.9204,0.02,0.9204,1024
695158.5,7460653.5,-1.533,0.02,1.533,1025
695144,7460674,-1.5625,0.02,1.5625,1026
695151,7460668.5,-0.9613,0.02,0.9613,1027
695154.75,7460676,-0.9027,0.02,0.9027,1028
695148.5,7460679.5,-1.5994,0.02,1.5994,1029
695158,7460663,-1.5652,0.02,1.5652,1030
695161,7460672.5,-0.9089,0.02,0.9089,1031
695166.5,7460672,-0.9245,0.02,0.9245,1032
695172,7460671.5,-1.6405,0.02,1.6405,1033
695163.5,7460663.5,-1.5874,0.02,1.5874,1034
695169,7460664,-1.6092,0.02,1.6092,1035
695151.2588,7460695.67,-0.93,0.02,0.93,1036
695149.5966,7460689.172,-1.6425,0.02,1.6425,1037
695147.9923,7460697.818,-1.4575,0.02,1.4575,1038
695146.1931,7460693.344,-1.6045,0.02,1.6045,1039
695120.5159,7460728.61,-0.8228,0.02,0.8228,1040
695123.21,7460723.821,1.1,0.02,-1.1,1041
695116.0464,7460726.517,-0.927,0.02,0.927,1042
695117.8217,7460733.4,-0.7653,0.02,0.7653,1043
695118.9115,7460721.613,1.1,0.02,-1.1,1044
695113.1812,7460731.421,-0.8771,0.02,0.8771,1045
695152.9212,7460702.168,-0.7994,0.02,0.7994,1046
695149.7915,7460702.292,-1.3034,0.02,1.3034,1047
695150.9881,7460705.455,-0.8904,0.02,0.8904,1048
695148.4746,7460704.706,-1.2258,0.02,1.2258,1049
695149.0551,7460708.743,-0.887,0.02,0.887,1050
695147.1577,7460707.12,-1.1511,0.02,1.1511,1051
695137.5056,7460713.553,-1.0126,0.02,1.0126,1052
695134.494,7460710.401,-1.1221,0.02,1.1221,1053
695143.2803,7460711.148,-0.8437,0.02,0.8437,1054
695140.8259,7460708.761,-1.132,0.02,1.132,1055
695132.6893,7460714.555,-1.0228,0.02,1.0228,1056
695128.9262,7460711.959,-1.118,0.02,1.118,1057
695127.8731,7460715.557,1.1,0.02,-1.1,1058
695123.3584,7460713.517,1.1,0.02,-1.1,1059
695136.4525,7460717.151,0.9189,0.02,-0.9189,1060
695132.3878,7460717.597,1.1,0.02,-1.1,1061
695134.3983,7460722.242,1.2986,0.02,-1.2986,1062
695129.9482,7460721.813,1.1,0.02,-1.1,1063
695153,7460685,-1.633,0.02,1.633,1064
695154.5254,7460693.522,-1.0087,0.02,1.0087,1065
695158.5,7460683.5,-0.9404,0.02,0.9404,1066
695160.3771,7460692.178,-0.9679,0.02,0.9679,1067
695164,7460682,-0.9488,0.02,0.9488,1068
695169.5,7460680.5,-0.9583,0.02,0.9583,1069
695175,7460679,-1.6689,0.02,1.6689,1070
695166.2289,7460690.836,-0.9816,0.02,0.9816,1071
695171.6144,7460686.918,-0.9814,0.02,0.9814,1072
695177,7460683,-1.6838,0.02,1.6838,1073
695156.0508,7460702.043,-0.7958,0.02,0.7958,1074
695153.5016,7460706.205,-0.8533,0.02,0.8533,1075
695162.2543,7460700.857,-0.8269,0.02,0.8269,1076
695159.2734,7460706.113,-0.8314,0.02,0.8314,1077
695127.5085,7460726.028,1.1,0.02,-1.1,1078
695132.3442,7460727.334,1.1874,0.02,-1.1874,1079
695124.9854,7460730.704,-0.7103,0.02,0.7103,1080
695130.0839,7460732.154,-0.5957,0.02,0.5957,1081
695122.4622,7460735.379,-0.6453,0.02,0.6453,1082
695127.8236,7460736.973,-0.5137,0.02,0.5137,1083
695125.3601,7460741.038,-0.4629,0.02,0.4629,1084
695119.5414,7460739.233,-0.6156,0.02,0.6156,1085
695150.9524,7460710.366,-0.8203,0.02,0.8203,1086
695156.2926,7460711.369,0.9498,0.02,-0.9498,1087
695145.7348,7460713.535,0.9502,0.02,-0.9502,1088
695152.5642,7460715.053,0.8443,0.02,-0.8443,1089
695140.5171,7460716.704,0.8948,0.02,-0.8948,1090
695148.8359,7460718.738,0.751,0.02,-0.751,1091
695138.8485,7460722.672,1.2348,0.02,-1.2348,1092
695146.3738,7460724.617,1.0834,0.02,-1.0834,1093
695137.1799,7460728.64,1.0836,0.02,-1.0836,1094
695135.1825,7460733.604,-0.4746,0.02,0.4746,1095
695143.9118,7460730.497,1.1287,0.02,-1.1287,1096
695141.6354,7460735.046,1.0241,0.02,-1.0241,1097
695122.8966,7460745.102,-0.4226,0.02,0.4226,1098
695116.6206,7460743.087,-0.5959,0.02,0.5959,1099
695118.0452,7460751.41,-0.5301,0.02,0.5301,1100
695112.5042,7460747.762,-0.6466,0.02,0.6466,1101
695168.4577,7460699.671,-0.8645,0.02,0.8645,1102
695173.7289,7460693.336,-0.9399,0.02,0.9399,1103
695179,7460687,-1.6977,0.02,1.6977,1104
695165.0452,7460706.022,-0.81,0.02,0.81,1105
695172.3395,7460704.81,-0.8319,0.02,0.8319,1106
695177.1698,7460697.655,-0.9445,0.02,0.9445,1107
695182,7460690.5,-1.7115,0.02,1.7115,1108
695161.6327,7460712.372,0.8745,0.02,-0.8745,1109
695159.3937,7460716.572,0.7292,0.02,-0.7292,1110
695168.927,7460711.16,0.8742,0.02,-0.8742,1111
695166.3695,7460716.757,0.6589,0.02,-0.6589,1112
695133.185,7460738.567,-0.3744,0.02,0.3744,1113
695129.1725,7460747.117,-0.2901,0.02,0.2901,1114
695139.359,7460739.596,-0.2286,0.02,0.2286,1115
695131.1788,7460742.842,-0.301,0.02,0.301,1116
695123.5863,7460755.059,-0.4168,0.02,0.4168,1117
695139.0863,7460750.059,-0.0842,0.02,0.0842,1118
695132.5431,7460758.779,-0.2367,0.02,0.2367,1119
695141.5,7460762.5,-0.0618,0.02,0.0618,1120
695139.2226,7460744.827,-0.0769,0.02,0.0769,1121
695157.1546,7460720.772,0.5922,0.02,-0.5922,1122
695153.8992,7460726.563,1.2191,0.02,-1.2191,1123
695163.8121,7460722.354,0.4562,0.02,-0.4562,1124
695160.4686,7460728.738,2.293,0.02,-2.293,1125
695150.6437,7460732.353,1.2627,0.02,-1.2627,1126
695145.533,7460740.625,1.0771,0.02,-1.0771,1127
695147.2665,7460746.813,-1.1978,0.02,1.1978,1128
695157.1252,7460735.122,1.2557,0.02,-1.2557,1129
695148.0884,7460736.489,1.1652,0.02,-1.1652,1130
695152.1959,7460740.967,1.2655,0.02,-1.2655,1131
695113.1939,7460757.719,-0.6329,0.02,0.6329,1132
695108.3877,7460752.437,-0.7332,0.02,0.7332,1133
695106.0612,7460764.737,-0.7764,0.02,0.7764,1134
695101.6224,7460759.975,-0.8691,0.02,0.8691,1135
695118,7460763,-0.5366,0.02,0.5366,1136
695110.5,7460769.5,-0.687,0.02,0.687,1137
695126,7460767.5,-0.3803,0.02,0.3803,1138
695134,7460772,-0.2296,0.02,0.2296,1139
695118.25,7460774,-0.537,0.02,0.537,1140
695126,7460778.5,-0.3923,0.02,0.3923,1141
695180.6107,7460701.974,-0.936,0.02,0.936,1142
695185,7460694,-1.6213,0.02,1.6213,1143
695187.8776,7460705.3,-0.798,0.02,0.798,1144
695191.5,7460698,-1.4173,0.02,1.4173,1145
695176.2213,7460709.948,0.8816,0.02,-0.8816,1146
695184.2552,7460712.599,0.702,0.02,-0.702,1147
695173.3455,7460716.942,0.5874,0.02,-0.5874,1148
695181.245,7460719.784,0.3785,0.02,-0.3785,1149
695170.4696,7460723.936,0.3109,0.02,-0.3109,1150
695178.2348,7460726.968,0.0742,0.02,-0.0742,1151
695167.0382,7460730.914,1.2613,0.02,-1.2613,1152
695174.5191,7460733.957,1.1905,0.02,-1.1905,1153
695149,7460753,0.1171,0.02,-0.1171,1154
695163.6067,7460737.891,1.3671,0.02,-1.3671,1155
695156.3034,7460745.446,1.296,0.02,-1.296,1156
695170.8034,7460740.946,1.2432,0.02,-1.2432,1157
695164.4017,7460747.973,1.26,0.02,-1.26,1158
695158,7460755,0.2983,0.02,-0.2983,1159
695098.9286,7460771.757,-0.9121,0.02,0.9121,1160
695094.8571,7460767.513,-0.997,0.02,0.997,1161
695089.2576,7460779.97,-1.086,0.02,1.086,1162
695083.5153,7460776.44,-1.1368,0.02,1.1368,1163
695103,7460776,-0.8299,0.02,0.8299,1164
695095,7460783.5,-0.9732,0.02,0.9732,1165
695110.5,7460780.5,-0.6858,0.02,0.6858,1166
695118,7460785,-0.547,0.02,0.547,1167
695101.5,7460788,-0.8489,0.02,0.8489,1168
695108,7460792.5,-0.7292,0.02,0.7292,1169
695079.5867,7460788.184,-1.0597,0.02,1.0597,1170
695072.1734,7460785.367,-1.1034,0.02,1.1034,1171
695076.2959,7460797.79,-1.0401,0.02,1.0401,1172
695068.5918,7460796.079,-1.0845,0.02,1.0845,1173
695195.1446,7460708.625,-0.8387,0.02,0.8387,1174
695198,7460702,-1.1904,0.02,1.1904,1175
695203.5723,7460712.313,0.5926,0.02,-0.5926,1176
695205.5,7460705,-0.9853,0.02,0.9853,1177
695192.2891,7460715.25,0.5036,0.02,-0.5036,1178
695201.6446,7460719.625,0.1956,0.02,-0.1956,1179
695189.1446,7460722.625,0.1499,0.02,-0.1499,1180
695197.8223,7460726.313,-0.1554,0.02,0.1554,1181
695186,7460730,0.1833,0.02,-0.1833,1182
695182,7460737,1.1462,0.02,-1.1462,1183
695194,7460733,0.4637,0.02,-0.4637,1184
695190.25,7460740,1.1767,0.02,-1.1767,1185
695178,7460744,1.1717,0.02,-1.1717,1186
695186.5,7460747,1.1937,0.02,-1.1937,1187
695172.5,7460750.5,1.3208,0.02,-1.3208,1188
695167,7460757,0.4767,0.02,-0.4767,1189
695181.5,7460753.5,1.2795,0.02,-1.2795,1190
695176.5,7460760,0.6576,0.02,-0.6576,1191
695087,7460791,-1.1071,0.02,1.1071,1192
695092.5,7460795.5,-1.0015,0.02,1.0015,1193
695098,7460800,-0.9056,0.02,0.9056,1194
695084,7460799.5,-1.0975,0.02,1.0975,1195
695089.75,7460805.75,-1.0504,0.02,1.0504,1196
695095.5,7460812,-0.9673,0.02,0.9673,1197
695081,7460808,-1.0954,0.02,1.0954,1198
695073.0051,7460807.396,-1.037,0.02,1.037,1199
695065.0101,7460806.791,-1.0787,0.02,1.0787,1200
695087,7460816,-1.0968,0.02,1.0968,1201
695076.7525,7460819.198,-1.0418,0.02,1.0418,1202
695066.5051,7460822.396,-1.0808,0.02,1.0808,1203
695212,7460716,0.359,0.02,-0.359,1204
695213,7460708,-0.7844,0.02,0.7844,1205
695220.8402,7460717.375,0.2549,0.02,-0.2549,1206
695222.5,7460708.5,-0.712,0.02,0.712,1207
695211,7460724,-0.0689,0.02,0.0689,1208
695206.5,7460730,-0.3861,0.02,0.3861,1209
695219.1803,7460726.249,-0.2067,0.02,0.2067,1210
695214.8402,7460732.625,-0.538,0.02,0.538,1211
695202,7460736,0.7118,0.02,-0.7118,1212
695210.5,7460739,0.878,0.02,-0.878,1213
695198.5,7460743,1.0935,0.02,-1.0935,1214
695207.5,7460745.75,1.2025,0.02,-1.2025,1215
695195,7460750,1.0994,0.02,-1.0994,1216
695204.5,7460752.5,1.1618,0.02,-1.1618,1217
695190.5,7460756.5,1.1964,0.02,-1.1964,1218
695186,7460763,0.834,0.02,-0.834,1219
695200.5,7460759.75,1.1154,0.02,-1.1154,1220
695196.5,7460767,1.0193,0.02,-1.0193,1221
695093,7460824,-1.0192,0.02,1.0192,1222
695080.5,7460831,-1.0471,0.02,1.0471,1223
695068,7460838,-1.0831,0.02,1.0831,1224
695085.25,7460847.5,-1.0544,0.02,1.0544,1225
695072.5,7460853,-1.0885,0.02,1.0885,1226
695098,7460842,-0.9892,0.02,0.9892,1227
695229.6803,7460718.749,0.1548,0.02,-0.1548,1228
695232,7460709,-0.6412,0.02,0.6412,1229
695227.3606,7460728.498,-0.3387,0.02,0.3387,1230
695219,7460742,1.0362,0.02,-1.0362,1231
695223.1803,7460735.249,-0.6831,0.02,0.6831,1232
695216.5,7460748.5,1.1789,0.02,-1.1789,1233
695214,7460755,1.1429,0.02,-1.1429,1234
695210.5,7460763,1.0956,0.02,-1.0956,1235
695207,7460771,1.0449,0.02,-1.0449,1236
695090,7460864,-0.9273,0.02,0.9273,1237
695077,7460868,-1.0891,0.02,1.0891,1238
695103,7460860,-0.9752,0.02,0.9752,1239
695103.75,7460876.75,-0.9922,0.02,0.9922,1240
695090,7460885.5,-1.0777,0.02,1.0777,1241
695117.5,7460868,-0.8831,0.02,0.8831,1242
695238.5189,7460719.084,0.11,0.02,-0.11,1243
695241,7460707.5,-0.6726,0.02,0.6726,1244
695236.0379,7460730.668,-0.4617,0.02,0.4617,1245
695227,7460749,1.169,0.02,-1.169,1246
695231.5189,7460739.834,-0.9207,0.02,0.9207,1247
695224.5,7460755.5,1.1371,0.02,-1.1371,1248
695220.75,7460765,1.0868,0.02,-1.0868,1249
695217,7460774.5,1.0321,0.02,-1.0321,1250
695247.3576,7460719.419,0.0661,0.02,-0.0661,1251
695250,7460706,-0.6998,0.02,0.6998,1252
695244.7151,7460732.837,-0.5787,0.02,0.5787,1253
695239.8576,7460744.419,-1.1463,0.02,1.1463,1254
695235,7460756,1.132,0.02,-1.132,1255
695231,7460767,1.0806,0.02,-1.0806,1256
695227,7460778,1.0237,0.02,-1.0237,1257
695117.5,7460889.5,-0.9416,0.02,0.9416,1258
695103,7460903,-1.0309,0.02,1.0309,1259
695132,7460876,-0.8138,0.02,0.8138,1260
695135,7460904.75,-0.9215,0.02,0.9215,1261
695121.5,7460917.5,-0.9916,0.02,0.9916,1262
695148.5,7460892,-0.8024,0.02,0.8024,1263
695258.1788,7460719.209,-0.0425,0.02,0.0425,1264
695260.5,7460704,-0.7378,0.02,0.7378,1265
695255.8576,7460734.419,0.6639,0.02,-0.6639,1266
695251.6788,7460746.459,1.161,0.02,-1.161,1267
695247.5,7460758.5,1.1196,0.02,-1.1196,1268
695243.5,7460769.75,1.0752,0.02,-1.0752,1269
695239.5,7460781,1.0252,0.02,-1.0252,1270
695269,7460719,-0.0182,0.02,0.0182,1271
695271,7460702,-0.7691,0.02,0.7691,1272
695267,7460736,0.7435,0.02,-0.7435,1273
695263.5,7460748.5,1.1455,0.02,-1.1455,1274
695260,7460761,1.1111,0.02,-1.1111,1275
695256,7460772.5,1.0741,0.02,-1.0741,1276
695252,7460784,1.0313,0.02,-1.0313,1277
695152.5,7460920,-0.9192,0.02,0.9192,1278
695165,7460908,-0.8324,0.02,0.8324,1279
695140,7460932,-0.9865,0.02,0.9865,1280
695176.25,7460933.5,-0.9331,0.02,0.9331,1281
695193,7460916,-0.7929,0.02,0.7929,1282
695159.5,7460951,-1.0351,0.02,1.0351,1283
695282.4687,7460717.658,-0.0331,0.02,0.0331,1284
695283.4373,7460697.317,-0.8964,0.02,0.8964,1285
695281.5,7460738,0.8364,0.02,-0.8364,1286
695277.5,7460751.5,1.13,0.02,-1.13,1287
695273.5,7460765,1.1037,0.02,-1.1037,1288
695269,7460777,1.0736,0.02,-1.0736,1289
695264.5,7460789,1.0368,0.02,-1.0368,1290
695295.9373,7460716.317,-0.0424,0.02,0.0424,1291
695295.8746,7460692.633,-1.0054,0.02,1.0054,1292
695296,7460740,0.9201,0.02,-0.9201,1293
695291.5,7460754.5,1.1197,0.02,-1.1197,1294
695287,7460769,1.1029,0.02,-1.1029,1295
695282,7460781.5,1.0804,0.02,-1.0804,1296
695277,7460794,1.05,0.02,-1.05,1297
695200,7460947,-0.9855,0.02,0.9855,1298
695221,7460924,-0.7152,0.02,0.7152,1299
695179,7460970,-1.0718,0.02,1.0718,1300
695216.75,7460964.25,-1.02,0.02,1.02,1301
695236,7460942.5,-0.812,0.02,0.812,1302
695197.5,7460986,-1.0916,0.02,1.0916,1303
695317.3969,7460716.162,-0.0418,0.02,0.0418,1304
695318.2867,7460691.066,-0.9609,0.02,0.9609,1305
695316.5072,7460741.258,0.9007,0.02,-0.9007,1306
695312.2281,7460757.006,1.101,0.02,-1.101,1307
695307.9492,7460772.755,1.115,0.02,-1.115,1308
695303.7246,7460786.127,1.1087,0.02,-1.1087,1309
695299.5,7460799.5,1.0793,0.02,-1.0793,1310
695338.8566,7460716.007,-0.2098,0.02,0.2098,1311
695340.6988,7460689.498,-1.0529,0.02,1.0529,1312
695358.5012,7460716.835,-0.3339,0.02,0.3339,1313
695360.3558,7460688.322,-1.1186,0.02,1.1186,1314
695337.0143,7460742.516,0.6938,0.02,-0.6938,1315
695356.6466,7460745.349,0.5282,0.02,-0.5282,1316
695332.9563,7460759.513,0.8701,0.02,-0.8701,1317
695353.4233,7460763.18,0.6598,0.02,-0.6598,1318
695328.8983,7460776.509,0.9541,0.02,-0.9541,1319
695350.2001,7460781.011,0.7783,0.02,-0.7783,1320
695325.4492,7460790.755,1.0127,0.02,-1.0127,1321
695322,7460805,0.9838,0.02,-0.9838,1322
695347.6,7460797.006,0.8715,0.02,-0.8715,1323
695345,7460813,0.7932,0.02,-0.7932,1324
695233.5,7460981.5,-1.018,0.02,1.018,1325
695251,7460961,-0.9194,0.02,0.9194,1326
695216,7461002,-1.0894,0.02,1.0894,1327
695260,7460997,-1.0187,0.02,1.0187,1328
695274,7460974,-0.9075,0.02,0.9075,1329
695246,7461020,-1.0752,0.02,1.0752,1330
695373.8903,7460766.847,0.4666,0.02,-0.4666,1331
695398.055,7460772.835,0.2775,0.02,-0.2775,1332
695376.2788,7460748.182,0.2986,0.02,-0.2986,1333
695378.1458,7460717.664,-0.4638,0.02,0.4638,1334
695402.1107,7460752.818,0.0256,0.02,-0.0256,1335
695380.0128,7460687.146,-1.1741,0.02,1.1741,1336
695408.4628,7460726.382,-0.5227,0.02,0.5227,1337
695414.8149,7460699.947,-1.0966,0.02,1.0966,1338
695371.5018,7460785.513,0.6245,0.02,-0.6245,1339
695393.9993,7460792.853,0.5108,0.02,-0.5108,1340
695369.7509,7460803.256,0.7064,0.02,-0.7064,1341
695368,7460821,0.647,0.02,-0.647,1342
695391.9996,7460811.927,0.5603,0.02,-0.5603,1343
695390,7460831,0.5457,0.02,-0.5457,1344
695414.2484,7460820.597,0.4608,0.02,-0.4608,1345
695438.1242,7460825.798,0.3693,0.02,-0.3693,1346
695286.5,7461012.5,-1.0434,0.02,1.0434,1347
695276,7461038,-1.0774,0.02,1.0774,1348
695297,7460987,-0.9182,0.02,0.9182,1349
695329,7461015.25,-0.9695,0.02,0.9695,1350
695333,7461045,-1.0624,0.02,1.0624,1351
695325,7460985.5,-0.823,0.02,0.823,1352
697119.1999,7462056.311,0.8,0.02,-0.8,1353
697105.5408,7462047.287,0.8,0.02,-0.8,1354
697110.8664,7462069.181,0.8,0.02,-0.8,1355
697132.8589,7462065.335,0.8,0.02,-0.8,1356
697094.298,7462058.332,0.8,0.02,-0.8,1357
697127.4347,7462080.029,0.8,0.02,-0.8,1358
695416.4968,7460800.194,0.4127,0.02,-0.4127,1359
695427.9426,7460757.453,-0.191,0.02,0.191,1360
695422.2197,7460778.823,0.1213,0.02,-0.1213,1361
695440.2484,7460807.597,0.2882,0.02,-0.2882,1362
695438.7798,7460735.1,-0.5604,0.02,0.5604,1363
695470.9713,7460772.727,-0.2363,0.02,0.2363,1364
695449.6169,7460712.747,-0.9296,0.02,0.9296,1365
695455.6098,7460790.162,0.0562,0.02,-0.0562,1366
695480.5881,7460738.998,-0.6595,0.02,0.6595,1367
695490.2049,7460705.27,-1.0402,0.02,1.0402,1368
695412,7460841,0.4977,0.02,-0.4977,1369
695460,7460847,0.3799,0.02,-0.3799,1370
695464,7460815,0.1888,0.02,-0.1888,1371
695489,7460801.5,-0.0453,0.02,0.0453,1372
695436,7460844,0.4451,0.02,-0.4451,1373
695479,7460865.5,0.3636,0.02,-0.3636,1374
695462,7460831,0.2866,0.02,-0.2866,1375
695484,7460833.5,0.2097,0.02,-0.2097,1376
695446.75,7460874.5,0.4062,0.02,-0.4062,1377
695414.5,7460883.5,0.3875,0.02,-0.3875,1378
695371.5,7461018,-0.842,0.02,0.842,1379
695353,7460984,-0.6878,0.02,0.6878,1380
695403,7460989.5,-0.5083,0.02,0.5083,1381
695385,7460955,-0.3105,0.02,0.3105,1382
695417,7460926,0.1188,0.02,-0.1188,1383
695457.5,7460905,0.3745,0.02,-0.3745,1384
695434.5,7460961,-0.0758,0.02,0.0758,1385
695471,7460939.5,0.2915,0.02,-0.2915,1386
695390,7461052,-1.0123,0.02,1.0123,1387
695421,7461024,-0.7336,0.02,0.7336,1388
695450.5,7461053,-0.7972,0.02,0.7972,1389
695423,7461085.5,-1.1147,0.02,1.1147,1390
695480,7461082,-0.8288,0.02,0.8288,1391
695456,7461119,-1.1099,0.02,1.1099,1392
695505.1581,7461100.852,-0.8588,0.02,0.8588,1393
695483.3161,7461133.704,-1.0874,0.02,1.0874,1394
697127.5334,7462043.441,0.8,0.02,-0.8,1395
697116.7836,7462036.241,0.8,0.02,-0.8,1396
697138.2831,7462050.64,0.8,0.02,-0.8,1397
697134.633,7462032.602,0.8,0.02,-0.8,1398
697125.8568,7462024.604,0.8,0.02,-0.8,1399
697143.4093,7462040.601,0.8,0.02,-0.8,1400
697141.7327,7462021.764,0.8,0.02,-0.8,1401
697148.5355,7462030.561,0.8,0.02,-0.8,1402
697152.1866,7462024.032,0.8,0.02,-0.8,1403
697780.7449,7461987.291,0.8,0.02,-0.8,1404
697779.7575,7461995.544,0.8,0.02,-0.8,1405
697788.7154,7461987.715,0.8,0.02,-0.8,1406
697772.7745,7461986.869,0.8,0.02,-0.8,1407
697789.6323,7461996.108,0.8,0.02,-0.8,1408
697769.8826,7461994.98,0.8,0.02,-0.8,1409
695522.3964,7460742.897,-0.7961,0.02,0.7961,1410
695530.7928,7460697.793,-1.0807,0.02,1.0807,1411
695566.0843,7460756.263,-0.807,0.02,0.807,1412
695574.6686,7460713.527,-1.0287,0.02,1.0287,1413
695514,7460788,-0.3317,0.02,0.3317,1414
695506,7460836,0.1405,0.02,-0.1405,1415
695557.5,7460799,-0.4224,0.02,0.4224,1416
695550.5,7460844.75,0.0597,0.02,-0.0597,1417
695498,7460884,0.3807,0.02,-0.3807,1418
695452,7460996,-0.2503,0.02,0.2503,1419
695517,7460952,0.5789,0.02,-0.5789,1420
695507.5,7460918,0.4666,0.02,-0.4666,1421
695548.5,7460969.5,0.6102,0.02,-0.6102,1422
695543.5,7460890.5,0.3882,0.02,-0.3882,1423
695484.5,7460974,0.1978,0.02,-0.1978,1424
695478,7461020.5,-0.2734,0.02,0.2734,1425
695546,7460930,0.5823,0.02,-0.5823,1426
695513.25,7460995,0.2473,0.02,-0.2473,1427
695530.3161,7461119.704,-0.9369,0.02,0.9369,1428
695510.6322,7461148.407,-1.0856,0.02,1.0856,1429
695563.5807,7461121.391,-0.8548,0.02,0.8548,1430
695551.6613,7461160.283,-1.0774,0.02,1.0774,1431
695504,7461045,-0.3516,0.02,0.3516,1432
695550,7461091,-0.5974,0.02,0.5974,1433
695527,7461068,-0.4618,0.02,0.4618,1434
695542,7461016,0.2387,0.02,-0.2387,1435
695575.5,7461082.5,-0.41,0.02,0.41,1436
695558.75,7461049.25,-0.1072,0.02,0.1072,1437
697134.9299,7462012.967,0.8,0.02,-0.8,1438
697145.3838,7462015.235,0.8,0.02,-0.8,1439
697155.8376,7462017.503,0.8,0.02,-0.8,1440
697146.0915,7462004.093,0.8,0.02,-0.8,1441
697136.4754,7462002.112,0.8,0.02,-0.8,1442
697155.7076,7462006.075,0.8,0.02,-0.8,1443
697781.7324,7461979.039,0.8,0.02,-0.8,1444
697787.7984,7461979.321,0.8,0.02,-0.8,1445
697775.6664,7461978.757,0.8,0.02,-0.8,1446
697782.3319,7461973.008,0.8,0.02,-0.8,1447
697788.01,7461973.255,0.8,0.02,-0.8,1448
697776.6539,7461972.762,0.8,0.02,-0.8,1449
695681.6614,7461188.282,-1.1503,0.02,1.1503,1450
695667,7461210.5,-1.1421,0.02,1.1421,1451
695698.8228,7461195.565,-1.1953,0.02,1.1953,1452
695684,7461220,-1.1867,0.02,1.1867,1453
695609.7722,7460769.63,-0.7895,0.02,0.7895,1454
695618.5443,7460729.26,-1.0334,0.02,1.0334,1455
695651.6361,7460772.565,-0.8553,0.02,0.8553,1456
695661.7722,7460732.13,-1.0734,0.02,1.0734,1457
695664.5,7461181,-1.1032,0.02,1.1032,1458
695650,7461201,-1.0948,0.02,1.0948,1459
695648.1726,7461163.039,-0.9951,0.02,0.9951,1460
695621.3452,7461186.579,-1.0872,0.02,1.0872,1461
695601,7460810,-0.4354,0.02,0.4354,1462
695595,7460853.5,-0.0353,0.02,0.0353,1463
695641.5,7460813,-0.5268,0.02,0.5268,1464
695636.5,7460854.5,-0.1887,0.02,0.1887,1465
695592.6904,7461172.158,-1.0929,0.02,1.0929,1466
695596.8452,7461123.079,-0.7749,0.02,0.7749,1467
695631.8452,7461145.079,-0.8625,0.02,0.8625,1468
695634.6726,7461103.539,-0.4546,0.02,0.4546,1469
695589,7460897,0.316,0.02,-0.316,1470
695584.5,7460942,0.5382,0.02,-0.5382,1471
695631.5,7460896,0.2032,0.02,-0.2032,1472
695628.25,7460938.5,0.4127,0.02,-0.4127,1473
695580,7460987,0.4669,0.02,-0.4669,1474
695601,7461074,-0.212,0.02,0.212,1475
695637.5,7461062,0.08,0.02,-0.08,1476
695625,7460981,0.4523,0.02,-0.4523,1477
695590.5,7461030.5,0.176,0.02,-0.176,1478
695631.25,7461021.5,0.3332,0.02,-0.3332,1479
695693.5,7460775.5,-0.8909,0.02,0.8909,1480
695705,7460735,-1.0792,0.02,1.0792,1481
695727,7460775.75,-0.9359,0.02,0.9359,1482
695734,7460736.5,-1.0837,0.02,1.0837,1483
695760.5,7460776,-0.9813,0.02,0.9813,1484
695763,7460738,-1.0884,0.02,1.0884,1485
695796.5,7460770,-1.0215,0.02,1.0215,1486
695799,7460731.5,-1.0935,0.02,1.0935,1487
695832.5,7460764,-1.0542,0.02,1.0542,1488
695835,7460725,-1.0974,0.02,1.0974,1489
695860.64,7460764.712,-1.0656,0.02,1.0656,1490
695888.78,7460765.424,-1.0766,0.02,1.0766,1491
695859.28,7460733.424,-1.0987,0.02,1.0987,1492
695883.56,7460741.848,-1.1026,0.02,1.1026,1493
697146.7992,7461992.952,0.8,0.02,-0.8,1494
697138.0209,7461991.257,0.8,0.02,-0.8,1495
697155.5775,7461994.647,0.8,0.02,-0.8,1496
697146.6378,7461979.814,0.8,0.02,-0.8,1497
697138.0209,7461977.855,0.8,0.02,-0.8,1498
697155.2547,7461981.774,0.8,0.02,-0.8,1499
697782.9315,7461966.978,0.8,0.02,-0.8,1500
697777.6414,7461966.766,0.8,0.02,-0.8,1501
697788.2216,7461967.189,0.8,0.02,-0.8,1502
697783.187,7461960.832,0.8,0.02,-0.8,1503
697788.2954,7461961.169,0.8,0.02,-0.8,1504
697778.0788,7461960.495,0.8,0.02,-0.8,1505
698460.6321,7461650.533,0.8,0.02,-0.8,1506
698456.826,7461654.987,0.8,0.02,-0.8,1507
698463.4026,7461652.915,0.8,0.02,-0.8,1508
698464.4382,7461646.08,0.8,0.02,-0.8,1509
698458.742,7461658.145,0.8,0.02,-0.8,1510
698468.0631,7461647.685,0.8,0.02,-0.8,1511
695679,7461161,-1.063,0.02,1.063,1512
695675,7461139.5,-0.8866,0.02,0.8866,1513
695696.3228,7461166.065,-1.1453,0.02,1.1453,1514
695713.6455,7461171.129,-1.21,0.02,1.21,1515
695700.9114,7461141.532,-0.9972,0.02,0.9972,1516
695726.8228,7461143.565,-1.1031,0.02,1.1031,1517
695682,7460816,-0.579,0.02,0.579,1518
695678,7460855.5,-0.23,0.02,0.23,1519
695720,7460815,-0.6509,0.02,0.6509,1520
695717.5,7460853.75,-0.2618,0.02,0.2618,1521
695671,7461118,-0.7025,0.02,0.7025,1522
695672.5,7461084,-0.1502,0.02,0.1502,1523
695705.5,7461117,-0.8592,0.02,0.8592,1524
695709,7461081.75,-0.0909,0.02,0.0909,1525
695674,7460895,0.2013,0.02,-0.2013,1526
695715,7460892.5,0.2442,0.02,-0.2442,1527
695672,7460935,0.4332,0.02,-0.4332,1528
695714.25,7460931.75,0.5585,0.02,-0.5585,1529
695674,7461050,0.2683,0.02,-0.2683,1530
695670,7460975,0.4982,0.02,-0.4982,1531
695713.5,7460971,0.6492,0.02,-0.6492,1532
695712.5,7461046.5,0.3867,0.02,-0.3867,1533
695672,7461012.5,0.44,0.02,-0.44,1534
695713,7461008.75,0.4921,0.02,-0.4921,1535
695758,7460814,-0.7253,0.02,0.7253,1536
695757,7460852,-0.3008,0.02,0.3008,1537
695794,7460808.5,-0.8503,0.02,0.8503,1538
695795.5,7460847,-0.5211,0.02,0.5211,1539
695830,7460803,-0.9481,0.02,0.9481,1540
695862,7460796,-1.015,0.02,1.015,1541
695894,7460789,-1.0493,0.02,1.0493,1542
695834,7460842,-0.7241,0.02,0.7241,1543
695869.3311,7460833.401,-0.8998,0.02,0.8998,1544
695904.6623,7460824.801,-1.055,0.02,1.055,1545
697146.4764,7461966.676,0.8,0.02,-0.8,1546
697138.0209,7461964.452,0.8,0.02,-0.8,1547
697154.9318,7461968.9,0.8,0.02,-0.8,1548
697146.343,7461955.429,0.8,0.02,-0.8,1549
697137.7542,7461953.866,0.8,0.02,-0.8,1550
697154.9318,7461956.992,0.8,0.02,-0.8,1551
697783.4426,7461954.686,0.8,0.02,-0.8,1552
697778.5161,7461954.223,0.8,0.02,-0.8,1553
697788.3691,7461955.149,0.8,0.02,-0.8,1554
697783.9686,7461948.046,0.8,0.02,-0.8,1555
697788.987,7461948.507,0.8,0.02,-0.8,1556
697778.9503,7461947.586,0.8,0.02,-0.8,1557
698457.8616,7461648.151,0.8,0.02,-0.8,1558
698454.9099,7461651.828,0.8,0.02,-0.8,1559
698460.8133,7461644.474,0.8,0.02,-0.8,1560
698454.8064,7461645.769,0.8,0.02,-0.8,1561
698452.3725,7461648.825,0.8,0.02,-0.8,1562
698457.2402,7461642.714,0.8,0.02,-0.8,1563
695740,7461116,-1.014,0.02,1.014,1564
695745.5,7461079.5,-0.006,0.02,0.006,1565
695783.4114,7461081.57,0.0183,0.02,-0.0183,1566
695775.8229,7461118.641,-1.0485,0.02,1.0485,1567
695756,7460890,0.2764,0.02,-0.2764,1568
695757,7460967,0.8222,0.02,-0.8222,1569
695751,7461043,0.4918,0.02,-0.4918,1570
695756.5,7460928.5,0.6741,0.02,-0.6741,1571
695806.5,7460966.5,0.7083,0.02,-0.7083,1572
695791,7461044.5,0.5573,0.02,-0.5573,1573
695797,7460885.5,-0.0585,0.02,0.0585,1574
695754,7461005,0.5562,0.02,-0.5562,1575
695801.75,7460926,0.3937,0.02,-0.3937,1576
695798.75,7461005.5,0.5524,0.02,-0.5524,1577
695838,7460881,-0.4041,0.02,0.4041,1578
695876.6623,7460870.801,-0.7495,0.02,0.7495,1579
695915.3245,7460860.602,-1.0886,0.02,1.0886,1580
695847,7460923.5,0.0561,0.02,-0.0561,1581
695880.3311,7460908.151,-0.479,0.02,0.479,1582
695913.6623,7460892.801,-0.9234,0.02,0.9234,1583
697146.2096,7461944.182,0.8,0.02,-0.8,1584
697137.4874,7461943.279,0.8,0.02,-0.8,1585
697154.9318,7461945.084,0.8,0.02,-0.8,1586
697146.6247,7461931.17,0.8,0.02,-0.8,1587
697137.9947,7461930.13,0.8,0.02,-0.8,1588
697155.2547,7461932.211,0.8,0.02,-0.8,1589
697784.4947,7461941.407,0.8,0.02,-0.8,1590
697779.3845,7461940.949,0.8,0.02,-0.8,1591
697789.6048,7461941.864,0.8,0.02,-0.8,1592
697785.079,7461935.502,0.8,0.02,-0.8,1593
697790.484,7461935.825,0.8,0.02,-0.8,1594
697779.6739,7461935.178,0.8,0.02,-0.8,1595
698451.7511,7461643.387,0.8,0.02,-0.8,1596
698449.8351,7461645.821,0.8,0.02,-0.8,1597
698453.6671,7461640.953,0.8,0.02,-0.8,1598
698448.6407,7461641.153,0.8,0.02,-0.8,1599
698446.9867,7461643.424,0.8,0.02,-0.8,1600
698450.2947,7461638.883,0.8,0.02,-0.8,1601
695821.3229,7461083.641,0.0828,0.02,-0.0828,1602
695811.6457,7461121.281,-0.8961,0.02,0.8961,1603
695858.1614,7461093.32,-0.0367,0.02,0.0367,1604
695845.8229,7461131.141,-0.8645,0.02,0.8645,1605
695831,7461046,0.617,0.02,-0.617,1606
695870.5,7461055.5,0.7106,0.02,-0.7106,1607
695843.5,7461006,0.5429,0.02,-0.5429,1608
695880.75,7461019.25,0.5772,0.02,-0.5772,1609
695856,7460966,0.5714,0.02,-0.5714,1610
695884,7460945.5,0.2436,0.02,-0.2436,1611
695912,7460925,-0.3702,0.02,0.3702,1612
695891,7460983,0.4967,0.02,-0.4967,1613
695909.5,7460961.25,0.3963,0.02,-0.3963,1614
695928,7460939.5,-0.1238,0.02,0.1238,1615
697147.0398,7461918.159,0.8,0.02,-0.8,1616
697138.502,7461916.98,0.8,0.02,-0.8,1617
697155.5775,7461919.337,0.8,0.02,-0.8,1618
697147.6573,7461905.129,0.8,0.02,-0.8,1619
697138.7688,7461903.796,0.8,0.02,-0.8,1620
697156.546,7461906.464,0.8,0.02,-0.8,1621
697785.6633,7461929.597,0.8,0.02,-0.8,1622
697779.9633,7461929.407,0.8,0.02,-0.8,1623
697791.3632,7461929.786,0.8,0.02,-0.8,1624
697786.4109,7461923.584,0.8,0.02,-0.8,1625
697792.4063,7461922.593,0.8,0.02,-0.8,1626
697780.4156,7461924.576,0.8,0.02,-0.8,1627
698445.5303,7461638.92,0.8,0.02,-0.8,1628
698444.1383,7461641.027,0.8,0.02,-0.8,1629
698446.9223,7461636.813,0.8,0.02,-0.8,1630
698441.6558,7461636.498,0.8,0.02,-0.8,1631
698440.1921,7461638.467,0.8,0.02,-0.8,1632
698443.1195,7461634.529,0.8,0.02,-0.8,1633
695895,7461103,-0.2135,0.02,0.2135,1634
695880,7461141,-0.933,0.02,0.933,1635
695938.1317,7461100.489,-0.1462,0.02,0.1462,1636
695921.2635,7461135.979,-0.893,0.02,0.893,1637
695910,7461065,0.738,0.02,-0.738,1638
695955,7461065,0.7833,0.02,-0.7833,1639
695918,7461032.5,0.65,0.02,-0.65,1640
695960.75,7461032,0.6703,0.02,-0.6703,1641
695926,7461000,0.5049,0.02,-0.5049,1642
695935,7460977,0.3863,0.02,-0.3863,1643
695944,7460954,0.1713,0.02,-0.1713,1644
695966.5,7460999,0.4739,0.02,-0.4739,1645
695968.5,7460969.75,0.2563,0.02,-0.2563,1646
695970.5,7460940.5,-0.3322,0.02,0.3322,1647
697148.275,7461892.101,0.8,0.02,-0.8,1648
697139.0355,7461890.611,0.8,0.02,-0.8,1649
697157.5144,7461893.59,0.8,0.02,-0.8,1650
697148.5693,7461876.226,0.8,0.02,-0.8,1651
697139.2431,7461874.748,0.8,0.02,-0.8,1652
697157.8956,7461877.704,0.8,0.02,-0.8,1653
697793.4494,7461915.4,0.8,0.02,-0.8,1654
697787.1586,7461917.572,0.8,0.02,-0.8,1655
697780.8678,7461919.744,0.8,0.02,-0.8,1656
697787.0837,7461912.629,0.8,0.02,-0.8,1657
697794.9715,7461905.375,0.8,0.02,-0.8,1658
697780.7929,7461914.801,0.8,0.02,-0.8,1659
698437.7813,7461634.076,0.8,0.02,-0.8,1660
698436.2459,7461635.906,0.8,0.02,-0.8,1661
698439.3167,7461632.245,0.8,0.02,-0.8,1662
698432.695,7461630.669,0.8,0.02,-0.8,1663
698431.2619,7461632.345,0.8,0.02,-0.8,1664
698434.1281,7461628.993,0.8,0.02,-0.8,1665
695981.2635,7461097.979,-0.0736,0.02,0.0736,1666
695962.5269,7461130.957,-0.8379,0.02,0.8379,1667
696033.8817,7461103.739,0.0886,0.02,-0.0886,1668
696017.2635,7461137.479,-0.7977,0.02,0.7977,1669
696000,7461065,0.7993,0.02,-0.7993,1670
696050.5,7461070,0.6818,0.02,-0.6818,1671
696003.5,7461031.5,0.6751,0.02,-0.6751,1672
696055,7461034.5,0.6723,0.02,-0.6723,1673
696007,7460998,0.4832,0.02,-0.4832,1674
696002,7460962.5,0.2193,0.02,-0.2193,1675
695997,7460927,-0.823,0.02,0.823,1676
696059.5,7460999,0.5558,0.02,-0.5558,1677
696053.5,7460964,0.433,0.02,-0.433,1678
696047.5,7460929,-0.7339,0.02,0.7339,1679
697148.8637,7461860.351,0.8,0.02,-0.8,1680
697139.4507,7461858.884,0.8,0.02,-0.8,1681
697158.2767,7461861.817,0.8,0.02,-0.8,1682
697149.6252,7461840.499,0.8,0.02,-0.8,1683
697139.7636,7461838.837,0.8,0.02,-0.8,1684
697159.4869,7461842.162,0.8,0.02,-0.8,1685
697863.9903,7461859.177,-1.1054,0.02,1.1054,1686
697861.4666,7461865.985,-1.111,0.02,1.111,1687
697875.1243,7461857.105,-1.1137,0.02,1.1137,1688
697870.0769,7461863.321,-1.1169,0.02,1.1169,1689
697852.8563,7461861.249,-1.0959,0.02,1.0959,1690
697852.8563,7461868.649,-1.1053,0.02,1.1053,1691
697843.3632,7461864.204,-1.0896,0.02,1.0896,1692
697844.766,7461870.922,-1.0999,0.02,1.0999,1693
697729.2224,7461957.471,-1.1,0.02,1.1,1694
697833.8702,7461867.16,-1.0836,0.02,1.0836,1695
697836.6757,7461873.195,-1.0946,0.02,1.0946,1696
697823.6819,7461871.65,-1.0793,0.02,1.0793,1697
697826.4874,7461877.759,-1.0907,0.02,1.0907,1698
697736.5783,7461948.114,-1.1,0.02,1.1,1699
697740.6367,7461952.413,-1.1,0.02,1.1,1700
697742.2762,7461941.05,-1.1,0.02,1.1,1701
697746.574,7461946.957,-1.1,0.02,1.1,1702
697813.4936,7461876.14,-1.0754,0.02,1.0754,1703
697816.299,7461882.322,-1.0872,0.02,1.0872,1704
697803.448,7461881.899,-1.074,0.02,1.074,1705
697806.3963,7461888.836,-1.0873,0.02,1.0873,1706
697747.9741,7461933.985,-1.1,0.02,1.1,1707
697752.5112,7461941.5,-1.1,0.02,1.1,1708
697755.1344,7461926.568,-1.1,0.02,1.1,1709
697759.1558,7461934.287,-1.1,0.02,1.1,1710
697796.4936,7461895.349,0.8,0.02,-0.8,1711
697793.4025,7461887.658,-1.0732,0.02,1.0732,1712
697788.6058,7461902.604,0.8,0.02,-0.8,1713
697785.8986,7461894.871,-1.0777,0.02,1.0777,1714
697780.718,7461909.859,0.8,0.02,-0.8,1715
697762.2948,7461919.151,-1.1,0.02,1.1,1716
697778.3947,7461902.084,-1.0848,0.02,1.0848,1717
697765.8003,7461927.073,-1.1,0.02,1.1,1718
697770.3447,7461910.617,-1.0985,0.02,1.0985,1719
697773.2592,7461918.466,-1.1,0.02,1.1,1720
697616.6015,7461989.587,-1.1,0.02,1.1,1721
697403.8721,7461975.608,-1.1,0.02,1.1,1722
697371.3399,7461973.067,-1.1,0.02,1.1,1723
697409.4829,7462005.622,-1.1,0.02,1.1,1724
697383.6223,7462001.251,-1.1,0.02,1.1,1725
697586.1415,7461982.669,-1.1,0.02,1.1,1726
697577.793,7462006.024,-1.1,0.02,1.1,1727
697549.8766,7461984.791,-1.1,0.02,1.1,1728
697543.8549,7462013.572,-1.1,0.02,1.1,1729
697513.6119,7461986.914,-1.1,0.02,1.1,1730
697509.9167,7462021.119,-1.1,0.02,1.1,1731
697436.4043,7461978.148,-1.1,0.02,1.1,1732
697435.3434,7462009.992,-1.1,0.02,1.1,1733
697475.0081,7461982.531,-1.1,0.02,1.1,1734
697472.6301,7462015.556,-1.1,0.02,1.1,1735
698427.6087,7461627.262,0.8,0.02,-0.8,1736
698426.2779,7461628.783,0.8,0.02,-0.8,1737
698428.9395,7461625.741,0.8,0.02,-0.8,1738
698421.208,7461622.952,0.8,0.02,-0.8,1739
698419.6871,7461624.41,0.8,0.02,-0.8,1740
698422.729,7461621.495,0.8,0.02,-0.8,1741
696086.5,7461109.5,0.3825,0.02,-0.3825,1742
696072,7461144,-0.6949,0.02,0.6949,1743
696135,7461121.5,0.4056,0.02,-0.4056,1744
696114.5,7461158.5,-0.8217,0.02,0.8217,1745
696101,7461075,0.6554,0.02,-0.6554,1746
696106.5,7461037.5,0.6594,0.02,-0.6594,1747
696155.5,7461084.5,0.6388,0.02,-0.6388,1748
696164.25,7461039.25,0.6325,0.02,-0.6325,1749
696112,7461000,0.5981,0.02,-0.5981,1750
696105,7460965.5,0.5941,0.02,-0.5941,1751
696173,7460994,0.5682,0.02,-0.5682,1752
696098,7460931,-0.6085,0.02,0.6085,1753
696156.7468,7460956.236,0.4961,0.02,-0.4961,1754
696140.4937,7460918.472,-0.6872,0.02,0.6872,1755
697150.3868,7461820.648,0.8,0.02,-0.8,1756
697140.0765,7461818.789,0.8,0.02,-0.8,1757
697160.697,7461822.507,0.8,0.02,-0.8,1758
697149.7952,7461803.239,0.8,0.02,-0.8,1759
697139.2314,7461800.704,0.8,0.02,-0.8,1760
697160.359,7461805.774,0.8,0.02,-0.8,1761
697149.2036,7461785.83,0.8,0.02,-0.8,1762
697160.0209,7461789.041,0.8,0.02,-0.8,1763
697158.0725,7461770.991,0.8,0.02,-0.8,1764
697866.514,7461852.369,-1.094,0.02,1.094,1765
697880.1717,7461850.889,-1.1067,0.02,1.1067,1766
697868.6706,7461843.721,-1.078,0.02,1.078,1767
697883.5943,7461843.954,-1.097,0.02,1.097,1768
697852.8563,7461853.849,-1.0816,0.02,1.0816,1769
697841.9605,7461857.487,-1.078,0.02,1.078,1770
697853.747,7461843.489,-1.0589,0.02,1.0589,1771
697841.3218,7461846.565,-1.0509,0.02,1.0509,1772
697725.164,7461953.172,-1.1,0.02,1.1,1773
697717.8081,7461962.528,-1.1,0.02,1.1,1774
697716.5399,7461951.907,-1.1,0.02,1.1,1775
697708.9304,7461964.046,-1.1,0.02,1.1,1776
697831.0647,7461861.124,-1.0723,0.02,1.0723,1777
697820.8764,7461865.541,-1.0677,0.02,1.0677,1778
697828.8966,7461849.643,-1.0437,0.02,1.0437,1779
697818.3228,7461853.855,-1.0424,0.02,1.0424,1780
697732.5198,7461943.815,-1.1,0.02,1.1,1781
697737.9784,7461935.143,-1.1,0.02,1.1,1782
697724.1494,7461939.769,-1.1,0.02,1.1,1783
697730.7169,7461929.145,-1.1,0.02,1.1,1784
697810.6881,7461869.957,-1.0635,0.02,1.0635,1785
697800.4998,7461874.962,-1.0606,0.02,1.0606,1786
697807.749,7461858.068,-1.042,0.02,1.042,1787
697797.5942,7461863.302,-1.0397,0.02,1.0397,1788
697743.437,7461926.47,-1.1,0.02,1.1,1789
697737.2845,7461918.522,-1.1,0.02,1.1,1790
697751.1132,7461918.849,-1.1,0.02,1.1,1791
697745.3812,7461909.108,-1.0972,0.02,1.0972,1792
697790.3114,7461879.967,-1.0582,0.02,1.0582,1793
697783.1914,7461887.138,-1.0627,0.02,1.0627,1794
697787.4395,7461868.536,-1.0372,0.02,1.0372,1795
697778.3264,7461876.101,-1.0435,0.02,1.0435,1796
697758.7893,7461911.228,-1.0995,0.02,1.0995,1797
697776.0713,7461894.308,-1.073,0.02,1.073,1798
697767.4303,7461902.768,-1.0873,0.02,1.0873,1799
697753.478,7461899.694,-1.0853,0.02,1.0853,1800
697769.2134,7461883.667,-1.0592,0.02,1.0592,1801
697761.3457,7461891.68,-1.0732,0.02,1.0732,1802
697707.9158,7461950.643,-1.1,0.02,1.1,1803
697700.0526,7461965.563,-1.1,0.02,1.1,1804
697698.9044,7461948.659,-1.1,0.02,1.1,1805
697691.6821,7461964.046,-1.1,0.02,1.1,1806
697689.8931,7461946.675,-1.1,0.02,1.1,1807
697683.3116,7461962.528,-1.1,0.02,1.1,1808
697674.0141,7461946.784,-1.1,0.02,1.1,1809
697669.3609,7461967.839,-1.1,0.02,1.1,1810
697655.4101,7461973.149,-1.1,0.02,1.1,1811
697658.1352,7461946.893,-1.1,0.02,1.1,1812
697624.95,7461966.232,-1.1,0.02,1.1,1813
697630.5358,7461942.536,-1.1,0.02,1.1,1814
697398.2613,7461945.594,-1.1,0.02,1.1,1815
697359.0574,7461944.883,-1.1,0.02,1.1,1816
697397.963,7461911.548,-1.1,0.02,1.1,1817
697357.0282,7461906.446,-1.099,0.02,1.099,1818
697594.4899,7461959.314,-1.1,0.02,1.1,1819
697555.8985,7461956.011,-1.1,0.02,1.1,1820
697602.9365,7461938.178,-1.1,0.02,1.1,1821
697562.5465,7461933.082,-1.1,0.02,1.1,1822
697437.4651,7461946.304,-1.1,0.02,1.1,1823
697517.307,7461952.708,-1.1,0.02,1.1,1824
697438.8977,7461916.651,-1.1,0.02,1.1,1825
697477.3861,7461949.506,-1.1,0.02,1.1,1826
697522.1566,7461927.986,-1.1,0.02,1.1,1827
697480.5271,7461922.319,-1.1,0.02,1.1,1828
698414.8073,7461618.643,0.8,0.02,-0.8,1829
698413.0962,7461620.037,0.8,0.02,-0.8,1830
698416.5184,7461617.249,0.8,0.02,-0.8,1831
698408.5017,7461613.098,0.8,0.02,-0.8,1832
698406.8857,7461614.841,0.8,0.02,-0.8,1833
698410.1177,7461611.355,0.8,0.02,-0.8,1834
696183.5,7461133.5,0.5047,0.02,-0.5047,1835
696157,7461173,-0.4309,0.02,0.4309,1836
696241.75,7461172.75,0.5748,0.02,-0.5748,1837
696213.5,7461229,-0.9921,0.02,0.9921,1838
696210,7461094,0.6961,0.02,-0.6961,1839
696270,7461116.5,0.6503,0.02,-0.6503,1840
696222,7461041,0.6039,0.02,-0.6039,1841
696287,7461047,0.5867,0.02,-0.5867,1842
696234,7460988,0.5238,0.02,-0.5238,1843
696304,7460977.5,0.4862,0.02,-0.4862,1844
696208.4937,7460946.972,0.3599,0.02,-0.3599,1845
696182.9874,7460905.943,-0.4023,0.02,0.4023,1846
696270.4968,7460919.986,0.3381,0.02,-0.3381,1847
696236.9937,7460862.472,-0.7412,0.02,0.7412,1848
696759.7892,7461772.265,-0.453,0.02,0.453,1849
696769.3648,7461815.603,-1.0409,0.02,1.0409,1850
696702.6258,7461766.421,-0.4257,0.02,0.4257,1851
696712.2516,7461818.841,-1.1437,0.02,1.1437,1852
696646.3129,7461745.71,-0.2349,0.02,0.2349,1853
696638.6258,7461787.921,-0.9609,0.02,0.9609,1854
696816.9527,7461778.11,-0.718,0.02,0.718,1855
696826.4779,7461812.365,-1.1342,0.02,1.1342,1856
696843.8907,7461754.785,-0.5588,0.02,0.5588,1857
696869.3867,7461786.34,-1.0103,0.02,1.0103,1858
697870.8273,7461835.073,-1.0624,0.02,1.0624,1859
697887.0168,7461837.018,-1.0877,0.02,1.0877,1860
697875.4771,7461824.271,-1.0462,0.02,1.0462,1861
697894.1345,7461826.193,-1.076,0.02,1.076,1862
697097.5031,7461781.666,-1.1034,0.02,1.1034,1863
697081.1357,7461796.358,-1.1137,0.02,1.1137,1864
697133.3843,7461790.273,0.8,0.02,-0.8,1865
697128.3822,7461797.927,0.8,0.02,-0.8,1866
697061.622,7461773.06,-1.0918,0.02,1.0918,1867
697033.8891,7461794.788,-1.1185,0.02,1.1185,1868
697008.3106,7461752.01,-1.0423,0.02,1.0423,1869
696973.0923,7461777.552,-1.0662,0.02,1.0662,1870
697138.3863,7461782.619,0.8,0.02,-0.8,1871
697113.8706,7461766.975,-1.1,0.02,1.1,1872
697147.2553,7461767.78,0.8,0.02,-0.8,1873
697156.1242,7461752.941,0.8,0.02,-0.8,1874
697124.9782,7461750.854,-1.1002,0.02,1.1002,1875
697136.0858,7461734.734,-1.1087,0.02,1.1087,1876
697854.6377,7461833.128,-1.0364,0.02,1.0364,1877
697840.6831,7461835.644,-1.0237,0.02,1.0237,1878
697856.8198,7461822.35,-1.015,0.02,1.015,1879
697842.9159,7461824.574,-1,0.02,1,1880
697826.7284,7461838.161,-1.0116,0.02,1.0116,1881
697815.7692,7461842.17,-1.0082,0.02,1.0082,1882
697829.0121,7461826.798,-0.9857,0.02,0.9857,1883
697816.3967,7461830.098,-0.9767,0.02,0.9767,1884
697715.7789,7461935.723,-1.1,0.02,1.1,1885
697723.4554,7461923.148,-1.1,0.02,1.1,1886
697706.1267,7461933.273,-1.1,0.02,1.1,1887
697713.3924,7461919.141,-1.1,0.02,1.1,1888
697804.8099,7461846.179,-1.0056,0.02,1.0056,1889
697794.6888,7461851.642,-1.0091,0.02,1.0091,1890
697803.7815,7461833.399,-0.9685,0.02,0.9685,1891
697792.524,7461837.318,-0.9648,0.02,0.9648,1892
697731.1319,7461910.573,-1.099,0.02,1.099,1893
697739.6493,7461899.367,-1.0874,0.02,1.0874,1894
697720.6582,7461905.009,-1.095,0.02,1.095,1895
697730.2264,7461890.031,-1.0807,0.02,1.0807,1896
697784.5676,7461857.105,-1.0138,0.02,1.0138,1897
697773.4615,7461865.065,-1.0293,0.02,1.0293,1898
697781.2665,7461841.238,-0.962,0.02,0.962,1899
697768.0865,7461849.557,-0.9949,0.02,0.9949,1900
697748.1666,7461888.16,-1.0729,0.02,1.0729,1901
697762.3554,7461873.025,-1.0475,0.02,1.0475,1902
697755.261,7461880.593,-1.061,0.02,1.061,1903
697739.7948,7461875.053,-1.0622,0.02,1.0622,1904
697754.9065,7461857.875,-1.0313,0.02,1.0313,1905
697747.3506,7461866.464,-1.0484,0.02,1.0484,1906
697696.4745,7461930.822,-1.1,0.02,1.1,1907
697703.3294,7461915.134,-1.1,0.02,1.1,1908
697678.6674,7461925.73,-1.1,0.02,1.1,1909
697685.5825,7461908.524,-1.0992,0.02,1.0992,1910
697660.8603,7461920.637,-1.1,0.02,1.1,1911
697636.1217,7461918.84,-1.1,0.02,1.1,1912
697667.8357,7461901.914,-1.0999,0.02,1.0999,1913
697645.5236,7461897.584,-1.0948,0.02,1.0948,1914
697611.3831,7461917.042,-1.1,0.02,1.1,1915
697569.1946,7461910.153,-1.0976,0.02,1.0976,1916
697623.2115,7461893.254,-1.0864,0.02,1.0864,1917
697578.3304,7461881.592,-1.0557,0.02,1.0557,1918
697397.6647,7461877.503,-1.0823,0.02,1.0823,1919
697354.999,7461868.008,-1.092,0.02,1.092,1920
697401.5629,7461839.678,-1.0675,0.02,1.0675,1921
697359.9031,7461832.769,-1.0899,0.02,1.0899,1922
697440.3303,7461886.998,-1.079,0.02,1.079,1923
697527.0061,7461903.264,-1.0867,0.02,1.0867,1924
697443.2226,7461846.588,-1.0484,0.02,1.0484,1925
697483.6682,7461895.131,-1.0798,0.02,1.0798,1926
697533.4494,7461869.93,-1.0314,0.02,1.0314,1927
697488.336,7461858.259,-1.0328,0.02,1.0328,1928
698402.1961,7461607.553,0.8,0.02,-0.8,1929
698400.6751,7461609.644,0.8,0.02,-0.8,1930
698403.717,7461605.461,0.8,0.02,-0.8,1931
698395.32,7461601.247,0.8,0.02,-0.8,1932
698393.704,7461603.497,0.8,0.02,-0.8,1933
698396.9361,7461598.997,0.8,0.02,-0.8,1934
696300,7461212,0.4343,0.02,-0.4343,1935
696270,7461285,-0.3513,0.02,0.3513,1936
696350.5774,7461259.866,0.6389,0.02,-0.6389,1937
696310.6548,7461339.231,-0.331,0.02,0.331,1938
696330,7461139,0.6286,0.02,-0.6286,1939
696352,7461053,0.5712,0.02,-0.5712,1940
696390.5,7461180.5,0.6923,0.02,-0.6923,1941
696418.6223,7461097.635,0.563,0.02,-0.563,1942
696374,7460967,0.4983,0.02,-0.4983,1943
696446.7447,7461014.769,0.5354,0.02,-0.5354,1944
696435,7460892.5,0.5468,0.02,-0.5468,1945
696332.5,7460893,0.5169,0.02,-0.5169,1946
696291,7460819,-0.139,0.02,0.139,1947
696485.8723,7460946.885,0.5645,0.02,-0.5645,1948
696385.0208,7460819.242,0.4594,0.02,-0.4594,1949
696335.0416,7460745.985,-0.8144,0.02,0.8144,1950
696437.5416,7460745.485,0.7952,0.02,-0.7952,1951
696379.0832,7460672.969,-0.4197,0.02,0.4197,1952
696486.0208,7460688.992,0.6053,0.02,-0.6053,1953
696441.5416,7460624.985,-0.1241,0.02,0.1241,1954
696807.4275,7461743.854,-0.2089,0.02,0.2089,1955
696750.2138,7461728.927,0.2309,0.02,-0.2309,1956
696818.3947,7461723.231,0.0202,0.02,-0.0202,1957
696761.6289,7461698.74,0.7032,0.02,-0.7032,1958
696590,7461725,-0.4156,0.02,0.4156,1959
696565,7461757,-1.2056,0.02,1.2056,1960
696560.8904,7461678.06,0.1261,0.02,-0.1261,1961
696514.2809,7461706.621,-0.8526,0.02,0.8526,1962
696693,7461714,0.4759,0.02,-0.4759,1963
696615,7461693,0.3512,0.02,-0.3512,1964
696654,7461703.5,0.6321,0.02,-0.6321,1965
696607.5,7461649.5,0.6329,0.02,-0.6329,1966
696704.8632,7461674.251,0.6747,0.02,-0.6747,1967
696656.1816,7461661.875,0.6682,0.02,-0.6682,1968
696531.7809,7461631.121,0.4099,0.02,-0.4099,1969
696463.5617,7461656.241,-0.9851,0.02,0.9851,1970
696517.1404,7461566.31,0.1997,0.02,-0.1997,1971
696440.7809,7461584.121,-1.186,0.02,1.186,1972
696502.5,7461501.5,0.421,0.02,-0.421,1973
696418,7461512,-0.3351,0.02,0.3351,1974
696485.0774,7461443.366,0.5849,0.02,-0.5849,1975
696384.6548,7461452.731,-0.3565,0.02,0.3565,1976
696351.3096,7461393.462,-0.8201,0.02,0.8201,1977
696401.1548,7461307.731,0.6026,0.02,-0.6026,1978
696467.6548,7461385.231,0.6826,0.02,-0.6826,1979
696498.0774,7461304.366,0.7483,0.02,-0.7483,1980
696912.2954,7461760.315,-0.8782,0.02,0.8782,1981
696870.8287,7461731.461,-0.4178,0.02,0.4178,1982
696954.9993,7461730.96,-0.8097,0.02,0.8097,1983
696908.4463,7461697.53,-0.2808,0.02,0.2808,1984
696829.3619,7461702.607,0.2343,0.02,-0.2343,1985
696861.8934,7461664.101,0.2362,0.02,-0.2362,1986
696773.0442,7461668.554,0.6162,0.02,-0.6162,1987
696812.3858,7461630.649,0.4593,0.02,-0.4593,1988
697949.1993,7461801.891,-1.0663,0.02,1.0663,1989
697934.2752,7461796.305,-1.0298,0.02,1.0298,1990
697927.6487,7461807.52,-1.0678,0.02,1.0678,1991
697919.6638,7461797.193,-1.0205,0.02,1.0205,1992
697914.4504,7461811.444,-1.0646,0.02,1.0646,1993
697901.2521,7461815.368,-1.0613,0.02,1.0613,1994
697880.127,7461813.47,-1.0311,0.02,1.0311,1995
697905.0524,7461798.082,-1.0115,0.02,1.0115,1996
697884.7702,7461796.239,-0.9795,0.02,0.9795,1997
697859.0018,7461811.571,-0.9941,0.02,0.9941,1998
697845.1487,7461813.504,-0.9769,0.02,0.9769,1999
697864.488,7461794.397,-0.9398,0.02,0.9398,2000
697849.7992,7461794.266,-0.9167,0.02,0.9167,2001
696997.7031,7461701.604,-0.9289,0.02,0.9289,2002
697089.3549,7461751.331,-1.0836,0.02,1.0836,2003
697017.8941,7461668.561,-0.882,0.02,0.882,2004
696946.064,7461663.599,-0.3851,0.02,0.3851,2005
697043.529,7461726.468,-1.0312,0.02,1.0312,2006
697102.7012,7461733.929,-1.0934,0.02,1.0934,2007
697116.0474,7461716.526,-1.1054,0.02,1.1054,2008
696973.0891,7461633.135,-0.479,0.02,0.479,2009
697060.2976,7461701.245,-1.0297,0.02,1.0297,2010
697077.0663,7461676.022,-1.0532,0.02,1.0532,2011
697831.2957,7461815.436,-0.9603,0.02,0.9603,2012
697817.0243,7461818.027,-0.9453,0.02,0.9453,2013
697835.1104,7461794.136,-0.8937,0.02,0.8937,2014
697821.2223,7461795.372,-0.8774,0.02,0.8774,2015
697802.753,7461820.618,-0.9311,0.02,0.9311,2016
697790.3592,7461822.995,-0.9198,0.02,0.9198,2017
697807.3342,7461796.609,-0.8609,0.02,0.8609,2018
697792.4784,7461799.03,-0.847,0.02,0.847,2019
697710.1844,7461899.445,-1.0926,0.02,1.0926,2020
697692.4977,7461891.318,-1.0929,0.02,1.0929,2021
697720.8037,7461880.696,-1.0765,0.02,1.0765,2022
697702.9047,7461870.442,-1.0794,0.02,1.0794,2023
697777.9654,7461825.371,-0.914,0.02,0.914,2024
697777.6226,7461801.452,-0.838,0.02,0.838,2025
697762.7115,7461834.048,-0.9487,0.02,0.9487,2026
697757.9351,7461810.723,-0.8751,0.02,0.8751,2027
697731.4229,7461861.946,-1.0547,0.02,1.0547,2028
697747.4576,7461842.725,-0.986,0.02,0.986,2029
697713.3117,7461849.567,-1.0322,0.02,1.0322,2030
697738.2476,7461819.994,-0.9131,0.02,0.9131,2031
697739.4403,7461852.336,-1.024,0.02,1.024,2032
697725.7796,7461834.78,-0.9709,0.02,0.9709,2033
697674.811,7461883.191,-1.0973,0.02,1.0973,2034
697654.9254,7461876.328,-1.0922,0.02,1.0922,2035
697685.0058,7461860.189,-1.0876,0.02,1.0876,2036
697666.0093,7461850.047,-1.0632,0.02,1.0632,2037
697405.461,7461801.854,-1.0574,0.02,1.0574,2038
697364.8072,7461797.529,-1.0877,0.02,1.0877,2039
697406.1265,7461760.076,-1.0437,0.02,1.0437,2040
697361.8132,7461752.899,-1.089,0.02,1.089,2041
697635.0398,7461869.465,-1.077,0.02,1.077,2042
697587.4662,7461853.031,-1.0183,0.02,1.0183,2043
697647.0128,7461839.906,-1.0145,0.02,1.0145,2044
697596.39,7461818.104,-0.9451,0.02,0.9451,2045
697539.8927,7461836.596,-0.985,0.02,0.985,2046
697446.1148,7461806.178,-1.0291,0.02,1.0291,2047
697493.0037,7461821.387,-1.0018,0.02,1.0018,2048
697545.7672,7461796.303,-0.9324,0.02,0.9324,2049
697450.4397,7461767.255,-1.0016,0.02,1.0016,2050
697498.1034,7461781.779,-0.9616,0.02,0.9616,2051
698388.444,7461594.942,0.8,0.02,-0.8,2052
698386.7329,7461597.35,0.8,0.02,-0.8,2053
698390.1551,7461592.533,0.8,0.02,-0.8,2054
698381.5087,7461589.908,0.8,0.02,-0.8,2055
698379.7218,7461592.46,0.8,0.02,-0.8,2056
698383.2956,7461587.357,0.8,0.02,-0.8,2057
696451,7461222,0.7265,0.02,-0.7265,2058
696528.5,7461223.5,0.699,0.02,-0.699,2059
696485.2447,7461142.269,0.6363,0.02,-0.6363,2060
696554.8723,7461147.385,0.6608,0.02,-0.6608,2061
696519.4893,7461062.538,0.5943,0.02,-0.5943,2062
696536.7447,7461001.269,0.6088,0.02,-0.6088,2063
696581.2447,7461071.269,0.647,0.02,-0.647,2064
696597.8723,7461006.635,0.651,0.02,-0.651,2065
696554,7460940,0.6179,0.02,-0.6179,2066
696525,7460879,0.5764,0.02,-0.5764,2067
696614.5,7460942,0.6859,0.02,-0.6859,2068
696601.75,7460877,0.6259,0.02,-0.6259,2069
696496,7460818,0.5838,0.02,-0.5838,2070
696530.5,7460753,0.8733,0.02,-0.8733,2071
696589,7460812,0.6446,0.02,-0.6446,2072
696610,7460744.75,0.7507,0.02,-0.7507,2073
696565,7460688,0.5314,0.02,-0.5314,2074
696534.5,7460632.5,0.413,0.02,-0.413,2075
696631,7460677.5,0.5588,0.02,-0.5588,2076
696504,7460577,-0.0603,0.02,0.0603,2077
696604.51,7460614.305,0.5735,0.02,-0.5735,2078
696578.0201,7460551.11,0.3501,0.02,-0.3501,2079
696716.7264,7461634.501,0.5888,0.02,-0.5888,2080
696600,7461606,0.6449,0.02,-0.6449,2081
696593.5,7461548.5,0.5921,0.02,-0.5921,2082
696658.3632,7461620.251,0.6152,0.02,-0.6152,2083
696727.8632,7461567.251,0.5307,0.02,-0.5307,2084
696762.8782,7461597.198,0.4786,0.02,-0.4786,2085
696660.6816,7461557.875,0.5687,0.02,-0.5687,2086
696587,7461491,0.6256,0.02,-0.6256,2087
696663,7461495.5,0.6755,0.02,-0.6755,2088
696585.5,7461434,0.7304,0.02,-0.7304,2089
696665.0953,7461436.416,0.7687,0.02,-0.7687,2090
696584,7461377,0.7729,0.02,-0.7729,2091
696595,7461301,0.7356,0.02,-0.7356,2092
696667.1907,7461377.332,0.7144,0.02,-0.7144,2093
696677.8562,7461301.698,0.714,0.02,-0.714,2094
696606,7461225,0.7056,0.02,-0.7056,2095
696688.5217,7461226.063,0.7402,0.02,-0.7402,2096
696624.5,7461152.5,0.7039,0.02,-0.7039,2097
696702.7608,7461153.782,0.7951,0.02,-0.7951,2098
697994.1739,7461789.194,-1.0579,0.02,1.0579,2099
697970.7499,7461796.261,-1.0625,0.02,1.0625,2100
697955.8258,7461790.675,-1.0264,0.02,1.0264,2101
697978.5674,7461782.56,-1.0174,0.02,1.0174,2102
697964.7446,7461776.429,-0.9786,0.02,0.9786,2103
696894.4248,7461625.594,0.2326,0.02,-0.2326,2104
696809.0299,7461559.894,0.487,0.02,-0.487,2105
696928.2841,7461597.71,0.0485,0.02,-0.0485,2106
696851.7273,7461592.744,0.4335,0.02,-0.4335,2107
696854.4148,7461531.265,0.4787,0.02,-0.4787,2108
696774.015,7461529.947,0.5551,0.02,-0.5551,2109
696891.3494,7461564.487,0.3815,0.02,-0.3815,2110
697940.9017,7461785.089,-0.9885,0.02,0.9885,2111
697924.8772,7461782.943,-0.9628,0.02,0.9628,2112
697950.9218,7461770.299,-0.9381,0.02,0.9381,2113
697932.8329,7461767.6,-0.9052,0.02,0.9052,2114
696962.1433,7461569.826,-0.053,0.02,0.053,2115
696930.9715,7461536.231,0.2686,0.02,-0.2686,2116
697000.1142,7461602.672,-0.5336,0.02,0.5336,2117
696994.7236,7461535.94,0.0381,0.02,-0.0381,2118
697908.8527,7461780.796,-0.9363,0.02,0.9363,2119
697889.4135,7461779.009,-0.906,0.02,0.906,2120
697914.7441,7461764.902,-0.8714,0.02,0.8714,2121
697895.4387,7461762.322,-0.8355,0.02,0.8355,2122
697869.9742,7461777.222,-0.8709,0.02,0.8709,2123
697854.4497,7461775.029,-0.8399,0.02,0.8399,2124
697876.1334,7461759.742,-0.7996,0.02,0.7996,2125
697859.9132,7461757.521,-0.77,0.02,0.77,2126
697838.9252,7461772.836,-0.8095,0.02,0.8095,2127
697825.4203,7461772.718,-0.7909,0.02,0.7909,2128
697843.693,7461755.301,-0.741,0.02,0.741,2129
697829.3283,7461754.117,-0.7191,0.02,0.7191,2130
697038.0851,7461635.518,-0.8617,0.02,0.8617,2131
697032.6945,7461568.786,-0.4784,0.02,0.4784,2132
697107.3842,7461536.593,-0.7357,0.02,0.7357,2133
697117.4778,7461590,-1.0831,0.02,1.0831,2134
697182.0739,7461504.401,-0.8463,0.02,0.8463,2135
697196.8704,7461544.481,-1.0658,0.02,1.0658,2136
697228.9545,7461512.999,-1.07,0.02,1.07,2137
697811.9153,7461772.599,-0.7723,0.02,0.7723,2138
697794.5976,7461775.066,-0.7586,0.02,0.7586,2139
697814.9637,7461752.934,-0.6975,0.02,0.6975,2140
697797.001,7461754.167,-0.6814,0.02,0.6814,2141
697777.2798,7461777.532,-0.7494,0.02,0.7494,2142
697695.2005,7461837.187,-0.9966,0.02,0.9966,2143
697729.0375,7461797.263,-0.8343,0.02,0.8343,2144
697779.0384,7461755.4,-0.667,0.02,0.667,2145
697677.0932,7461823.766,-0.9525,0.02,0.9525,2146
697753.1587,7461787.398,-0.7916,0.02,0.7916,2147
697712.119,7461817.225,-0.9131,0.02,0.9131,2148
697711.4996,7461769.763,-0.7343,0.02,0.7343,2149
697745.269,7461762.581,-0.7003,0.02,0.7003,2150
697694.2964,7461796.765,-0.8409,0.02,0.8409,2151
697658.9859,7461810.346,-0.9043,0.02,0.9043,2152
697676.4738,7461776.304,-0.7667,0.02,0.7667,2153
697605.3138,7461783.178,-0.8562,0.02,0.8562,2154
697618.8151,7461747.992,-0.7433,0.02,0.7433,2155
697406.7919,7461718.3,-1.0213,0.02,1.0213,2156
697358.8192,7461708.268,-1.086,0.02,1.086,2157
697410.2471,7461662.443,-0.986,0.02,0.986,2158
697356.2149,7461644.995,-1.0888,0.02,1.0888,2159
697454.7646,7461728.331,-0.9618,0.02,0.9618,2160
697551.6417,7461756.01,-0.8705,0.02,0.8705,2161
697464.2793,7461679.893,-0.8897,0.02,0.8897,2162
697503.2031,7461742.17,-0.9086,0.02,0.9086,2163
697561.1564,7461719.681,-0.7693,0.02,0.7693,2164
697512.7178,7461699.786,-0.8169,0.02,0.8169,2165
698374.5734,7461584.875,0.8,0.02,-0.8,2166
698372.7107,7461587.57,0.8,0.02,-0.8,2167
698376.4361,7461582.18,0.8,0.02,-0.8,2168
698369.6972,7461580.823,0.8,0.02,-0.8,2169
698366.3276,7461583.989,0.8,0.02,-0.8,2170
698373.0668,7461577.658,0.8,0.02,-0.8,2171
696643,7461080,0.6956,0.02,-0.6956,2172
696717,7461081.5,0.8261,0.02,-0.8261,2173
696659,7461012,0.6887,0.02,-0.6887,2174
696730.25,7461013,0.8009,0.02,-0.8009,2175
696675,7460944,0.7331,0.02,-0.7331,2176
696743.5,7460944.5,0.7218,0.02,-0.7218,2177
696678.5,7460875,0.6961,0.02,-0.6961,2178
696747.5,7460875.5,0.7969,0.02,-0.7969,2179
696682,7460806,0.6677,0.02,-0.6677,2180
696751.5,7460806.5,0.7772,0.02,-0.7772,2181
696689.5,7460736.5,0.6184,0.02,-0.6184,2182
696763,7460736.75,0.6302,0.02,-0.6302,2183
696697,7460667,0.6025,0.02,-0.6025,2184
696774.5,7460667,0.6728,0.02,-0.6728,2185
696674.5201,7460596.11,0.7386,0.02,-0.7386,2186
696652.0401,7460525.22,0.0459,0.02,-0.0459,2187
696766.01,7460594.555,0.8698,0.02,-0.8698,2188
696757.5201,7460522.11,-0.1057,0.02,0.1057,2189
698001.9914,7461775.492,-1.0167,0.02,1.0167,2190
698017.5979,7461782.126,-1.0538,0.02,1.0538,2191
698016.5881,7461764.296,-0.9911,0.02,0.9911,2192
698034.07,7461775.754,-1.0456,0.02,1.0456,2193
696739,7461500,0.6135,0.02,-0.6135,2194
696744.6907,7461438.832,0.6814,0.02,-0.6814,2195
696819.3999,7461501.318,0.5501,0.02,-0.5501,2196
696821.0491,7461437.277,0.6248,0.02,-0.6248,2197
696801.5,7461014,0.8643,0.02,-0.8643,2198
696875.25,7461012.75,0.866,0.02,-0.866,2199
696750.3813,7461377.664,0.7101,0.02,-0.7101,2200
696822.6984,7461373.236,0.6871,0.02,-0.6871,2201
696760.7124,7461302.395,0.7301,0.02,-0.7301,2202
696833.36,7461299.4,0.72,0.02,-0.72,2203
696791,7461083,0.9048,0.02,-0.9048,2204
696771.0434,7461227.126,0.8019,0.02,-0.8019,2205
696844.0217,7461225.563,0.7661,0.02,-0.7661,2206
696781.0217,7461155.063,0.8908,0.02,-0.8908,2207
696867,7461081.5,0.7876,0.02,-0.7876,2208
696855.5108,7461153.532,0.8308,0.02,-0.8308,2209
697986.3848,7461768.858,-0.9744,0.02,0.9744,2210
697973.6634,7461762.183,-0.9335,0.02,0.9335,2211
697999.1062,7461752.838,-0.932,0.02,0.932,2212
697985.5283,7461745.67,-0.8743,0.02,0.8743,2213
697960.942,7461755.508,-0.8908,0.02,0.8908,2214
697940.7887,7461752.258,-0.8499,0.02,0.8499,2215
697971.9504,7461738.502,-0.8159,0.02,0.8159,2216
697951.4906,7461732.082,-0.752,0.02,0.752,2217
696899.7998,7461502.636,0.4645,0.02,-0.4645,2218
696897.4076,7461435.722,0.5837,0.02,-0.5837,2219
696963.5519,7461502.345,0.3527,0.02,-0.3527,2220
696967.656,7461434.839,0.5602,0.02,-0.5602,2221
697920.6354,7461749.008,-0.8042,0.02,0.8042,2222
697901.464,7461745.635,-0.759,0.02,0.759,2223
697931.0307,7461725.662,-0.6878,0.02,0.6878,2224
697911.9288,7461719.918,-0.629,0.02,0.629,2225
697027.3039,7461502.054,0.0875,0.02,-0.0875,2226
697037.9043,7461433.956,0.3826,0.02,-0.3826,2227
697097.2906,7461483.188,-0.2131,0.02,0.2131,2228
697107.0344,7461420.995,0.2122,0.02,-0.2122,2229
697882.2926,7461742.262,-0.7169,0.02,0.7169,2230
697865.3767,7461740.014,-0.6868,0.02,0.6868,2231
697892.8268,7461714.175,-0.57,0.02,0.57,2232
697873.9909,7461709.713,-0.5301,0.02,0.5301,2233
697848.4607,7461737.765,-0.6572,0.02,0.6572,2234
697833.2364,7461735.517,-0.6301,0.02,0.6301,2235
697855.155,7461705.251,-0.4917,0.02,0.4917,2236
697838.147,7461702.326,-0.4639,0.02,0.4639,2237
697818.012,7461733.268,-0.6035,0.02,0.6035,2238
697799.4045,7461733.268,-0.5851,0.02,0.5851,2239
697821.139,7461699.401,-0.437,0.02,0.437,2240
697801.4974,7461699.935,-0.426,0.02,0.426,2241
697167.2773,7461464.321,-0.5154,0.02,0.5154,2242
697176.1645,7461408.035,-0.1528,0.02,0.1528,2243
697214.1579,7461472.919,-0.8738,0.02,0.8738,2244
697261.0385,7461481.516,-1.0321,0.02,1.0321,2245
697235.5967,7461428.762,-0.6848,0.02,0.6848,2246
697295.029,7461449.489,-1.0146,0.02,1.0146,2247
697780.7969,7461733.268,-0.5667,0.02,0.5667,2248
697781.8558,7461700.47,-0.4148,0.02,0.4148,2249
697737.3793,7461737.765,-0.6005,0.02,0.6005,2250
697742.4463,7461699.367,-0.4318,0.02,0.4318,2251
697693.9617,7461742.262,-0.6315,0.02,0.6315,2252
697703.0367,7461698.265,-0.4507,0.02,0.4507,2253
697632.3164,7461712.807,-0.6029,0.02,0.6029,2254
697645.3325,7461669.355,-0.4138,0.02,0.4138,2255
697413.7023,7461606.588,-0.9416,0.02,0.9416,2256
697353.6105,7461581.721,-1.0867,0.02,1.0867,2257
697420.9869,7461543.272,-0.8419,0.02,0.8419,2258
697350.7001,7461503.891,-1.0732,0.02,1.0732,2259
697570.6711,7461683.352,-0.6513,0.02,0.6513,2260
697473.794,7461631.454,-0.7977,0.02,0.7977,2261
697522.2326,7461657.403,-0.7086,0.02,0.7086,2262
697491.2738,7461582.655,-0.6354,0.02,0.6354,2263
697587.6283,7461640.446,-0.4735,0.02,0.4735,2264
697539.451,7461611.55,-0.527,0.02,0.527,2265
698348.5488,7461574.069,-1.0547,0.02,1.0547,2266
698353.2945,7461580.85,-1.0984,0.02,1.0984,2267
698359.9444,7461580.407,0.8,0.02,-0.8,2268
698364.821,7461576.772,0.8,0.02,-0.8,2269
698353.8794,7461571.748,-1.0516,0.02,1.0516,2270
698359.0319,7461567.453,-1.0388,0.02,1.0388,2271
698369.6975,7461573.136,0.8,0.02,-0.8,2272
698364.1845,7461563.158,-1.0272,0.02,1.0272,2273
698369.2871,7461558.928,-1.0169,0.02,1.0169,2274
698373.4215,7461566.043,-1.0592,0.02,1.0592,2275
696812,7460945,0.7623,0.02,-0.7623,2276
696883.5,7460944,0.8351,0.02,-0.8351,2277
696816.5,7460876,0.7841,0.02,-0.7841,2278
696888,7460876.75,0.7205,0.02,-0.7205,2279
696821,7460807,0.7754,0.02,-0.7754,2280
696836.5,7460737,0.6352,0.02,-0.6352,2281
696892.5,7460809.5,0.744,0.02,-0.744,2282
696913.25,7460741.75,0.6695,0.02,-0.6695,2283
696852,7460667,0.7522,0.02,-0.7522,2284
696934,7460674,0.8127,0.02,-0.8127,2285
696857.5,7460593,0.8109,0.02,-0.8109,2286
696863,7460519,-0.6135,0.02,0.6135,2287
696942.25,7460601.25,0.7585,0.02,-0.7585,2288
696950.5,7460528.5,-0.3104,0.02,0.3104,2289
698031.1848,7461753.1,-0.9664,0.02,0.9664,2290
698050.5421,7461769.382,-1.0387,0.02,1.0387,2291
698060.5063,7461741.75,-0.9404,0.02,0.9404,2292
698087.6459,7461767.383,-1.0653,0.02,1.0653,2293
698089.8279,7461730.4,-0.9209,0.02,0.9209,2294
698124.7496,7461765.383,-1.0945,0.02,1.0945,2295
698115.2334,7461716.076,-0.891,0.02,0.891,2296
698149.2664,7461751.223,-1.0858,0.02,1.0858,2297
698140.6389,7461701.753,-0.8898,0.02,0.8898,2298
698173.7832,7461737.062,-1.0762,0.02,1.0762,2299
698170.2731,7461686.215,-0.9009,0.02,0.9009,2300
698198.7989,7461717.208,-1.069,0.02,1.069,2301
698011.8275,7461736.818,-0.86,0.02,0.86,2302
698033.3668,7461716.118,-0.7773,0.02,0.7773,2303
697997.3932,7461729.157,-0.7993,0.02,0.7993,2304
698017.8462,7461701.594,-0.6776,0.02,0.6776,2305
696959.5,7460877.5,0.7133,0.02,-0.7133,2306
697029,7460875,0.712,0.02,-0.712,2307
696895.0154,7461368.809,0.6429,0.02,-0.6429,2308
696971.7601,7461367.333,0.5261,0.02,-0.5261,2309
696906.0077,7461296.404,0.6838,0.02,-0.6838,2310
696982.38,7461292.416,0.5936,0.02,-0.5936,2311
696955,7460943,0.7853,0.02,-0.7853,2312
697027,7460936.5,0.7426,0.02,-0.7426,2313
696949,7461011.5,0.8134,0.02,-0.8134,2314
697021.8487,7461005.921,0.7657,0.02,-0.7657,2315
696943,7461080,0.7635,0.02,-0.7635,2316
696917,7461224,0.7228,0.02,-0.7228,2317
697016.6974,7461075.343,0.7543,0.02,-0.7543,2318
696993,7461217.5,0.6783,0.02,-0.6783,2319
696930,7461152,0.7795,0.02,-0.7795,2320
697004.8487,7461146.421,0.7352,0.02,-0.7352,2321
697982.9588,7461721.496,-0.7368,0.02,0.7368,2322
697962.1924,7461711.906,-0.6545,0.02,0.6545,2323
698002.3256,7461687.071,-0.5608,0.02,0.5608,2324
697980.2926,7461676.121,-0.459,0.02,0.459,2325
697941.426,7461702.315,-0.5718,0.02,0.5718,2326
697922.3935,7461694.201,-0.4953,0.02,0.4953,2327
697958.2595,7461665.171,-0.3582,0.02,0.3582,2328
697937.5587,7461655.541,-0.2688,0.02,0.2688,2329
697048.5047,7461365.857,0.515,0.02,-0.515,2330
697116.7782,7461358.803,0.502,0.02,-0.502,2331
697058.7523,7461288.429,0.6041,0.02,-0.6041,2332
697132.6391,7461285.402,0.6083,0.02,-0.6083,2333
697903.361,7461686.087,-0.4172,0.02,0.4172,2334
697882.6051,7461679.412,-0.3549,0.02,0.3549,2335
697916.8579,7461645.912,-0.1799,0.02,0.1799,2336
697896.9626,7461640.451,-0.1172,0.02,0.1172,2337
697185.0517,7461351.749,0.2118,0.02,-0.2118,2338
697206.5259,7461282.375,0.5904,0.02,-0.5904,2339
697257.0356,7461384.606,-0.4367,0.02,0.4367,2340
697268.828,7461320.796,0.1443,0.02,-0.1443,2341
697861.8492,7461672.737,-0.3031,0.02,0.3031,2342
697824.2659,7461665.533,-0.2429,0.02,0.2429,2343
697843.0576,7461669.135,-0.2725,0.02,0.2725,2344
697877.0674,7461634.991,-0.0726,0.02,0.0726,2345
697831.4149,7461624.918,-0.0048,0.02,0.0048,2346
697803.5904,7461666.602,-0.24,0.02,0.24,2347
697854.2411,7461629.954,-0.0373,0.02,0.0373,2348
697782.9148,7461667.671,-0.2366,0.02,0.2366,2349
697747.5133,7461660.97,-0.2341,0.02,0.2341,2350
697810.7393,7461625.987,-0.0102,0.02,0.0102,2351
697772.1476,7461614.561,0.0408,0.02,-0.0408,2352
697329.0195,7461417.462,-1.0103,0.02,1.0103,2353
697331.1302,7461359.218,-0.5528,0.02,0.5528,2354
697362.7624,7461376.874,-0.5854,0.02,0.5854,2355
697338.4046,7461421.761,-1.0119,0.02,1.0119,2356
697347.7896,7461426.06,-0.9868,0.02,0.9868,2357
697428.2716,7461479.958,-0.6965,0.02,0.6965,2358
697394.3948,7461394.53,-0.5423,0.02,0.5423,2359
697462.6358,7461438.479,-0.3648,0.02,0.3648,2360
697712.1117,7461654.268,-0.2406,0.02,0.2406,2361
697733.5559,7461603.134,0.0414,0.02,-0.0414,2362
697658.3486,7461625.904,-0.1961,0.02,0.1961,2363
697681.9243,7461574.202,0.1,0.02,-0.1,2364
697604.5854,7461597.539,-0.2528,0.02,0.2528,2365
697508.7536,7461533.855,-0.4157,0.02,0.4157,2366
697556.6695,7461565.697,-0.3011,0.02,0.3011,2367
697530.8768,7461482.428,-0.066,0.02,0.066,2368
697630.2927,7461545.27,0.0679,0.02,-0.0679,2369
697580.5847,7461513.849,0.0308,0.02,-0.0308,2370
698343.2183,7461576.39,-1.0584,0.02,1.0584,2371
698346.6446,7461581.293,-1.0907,0.02,1.0907,2372
698335.0276,7461577.526,-1.03,0.02,1.03,2373
698338.0851,7461583.566,-1.0784,0.02,1.0784,2374
698339.792,7461571.486,-1.019,0.02,1.019,2375
698343.8032,7461567.287,-1.0092,0.02,1.0092,2376
698331.9702,7461571.486,-0.9814,0.02,0.9814,2377
698335.8467,7461565.604,-0.967,0.02,0.967,2378
698347.8144,7461563.088,-0.9941,0.02,0.9941,2379
698339.7233,7461559.721,-0.953,0.02,0.953,2380
698353.2429,7461558.134,-0.9789,0.02,0.9789,2381
698346.8768,7461552.884,-0.9368,0.02,0.9368,2382
698358.6714,7461553.179,-0.9651,0.02,0.9651,2383
698354.0303,7461546.048,-0.9172,0.02,0.9172,2384
698365.1527,7461551.813,-0.9731,0.02,0.9731,2385
698364.3215,7461545.016,-0.9374,0.02,0.9374,2386
698371.6341,7461550.447,-0.9815,0.02,0.9815,2387
698374.6128,7461543.984,-0.9582,0.02,0.9582,2388
698374.3897,7461554.698,-1.0079,0.02,1.0079,2389
698377.1454,7461558.95,-1.0336,0.02,1.0336,2390
698382.8089,7461549.141,-1.0018,0.02,1.0018,2391
698391.0049,7461554.298,-1.0432,0.02,1.0432,2392
698199.9073,7461670.677,-0.9379,0.02,0.9379,2393
698223.8145,7461697.354,-1.0827,0.02,1.0827,2394
698227.1575,7461651.001,-0.9848,0.02,0.9848,2395
698246.7052,7461672.611,-1.0833,0.02,1.0833,2396
696964,7460812,0.8064,0.02,-0.8064,2397
697016,7460681,0.9046,0.02,-0.9046,2398
696990,7460746.5,0.7491,0.02,-0.7491,2399
697031,7460813.5,0.8043,0.02,-0.8043,2400
697105.9738,7460688.98,1.0611,0.02,-1.0611,2401
697027,7460609.5,0.701,0.02,-0.701,2402
697038,7460538,-0.0928,0.02,0.0928,2403
697068.4869,7460751.24,0.8142,0.02,-0.8142,2404
697116.4869,7460616.74,0.5696,0.02,-0.5696,2405
697127,7460544.5,-0.1958,0.02,0.1958,2406
698054.9061,7461695.417,-0.6996,0.02,0.6996,2407
698038.2993,7461674.032,-0.538,0.02,0.538,2408
698081.2003,7461680.93,-0.6553,0.02,0.6553,2409
698061.6834,7461650.901,-0.4377,0.02,0.4377,2410
698207.61,7461629.391,-0.7798,0.02,0.7798,2411
698190.3538,7461603.724,-0.5385,0.02,0.5385,2412
698107.4945,7461666.443,-0.6168,0.02,0.6168,2413
698176,7461644,-0.7467,0.02,0.7467,2414
698141.7473,7461655.222,-0.6649,0.02,0.6649,2415
698085.0675,7461627.77,-0.333,0.02,0.333,2416
698157,7461611.5,-0.4541,0.02,0.4541,2417
698121.0338,7461619.635,-0.3606,0.02,0.3606,2418
698021.6924,7461652.646,-0.371,0.02,0.371,2419
697998.3927,7461640.336,-0.2477,0.02,0.2477,2420
698042.1665,7461620.872,-0.1993,0.02,0.1993,2421
698014.744,7461611.978,-0.0824,0.02,0.0824,2422
697098,7460815,0.7581,0.02,-0.7581,2423
697146.9738,7460755.98,0.7528,0.02,-0.7528,2424
697098.5,7460872.5,0.721,0.02,-0.721,2425
697156.8526,7460827.244,0.7337,0.02,-0.7337,2426
697099,7460930,0.7152,0.02,-0.7152,2427
697090.3947,7461070.685,0.7216,0.02,-0.7216,2428
697069,7461211,0.5839,0.02,-0.5839,2429
697166.7314,7460898.508,0.6772,0.02,-0.6772,2430
697171.2839,7461061.83,0.6893,0.02,-0.6893,2431
697094.6974,7461000.343,0.7396,0.02,-0.7396,2432
697079.6974,7461140.843,0.6733,0.02,-0.6733,2433
697148.5,7461212,0.5998,0.02,-0.5998,2434
697169.0077,7460980.169,0.6797,0.02,-0.6797,2435
697159.892,7461136.915,0.6145,0.02,-0.6145,2436
697975.093,7461628.026,-0.1336,0.02,0.1336,2437
697952.7239,7461616.881,-0.0291,0.02,0.0291,2438
697987.3215,7461603.084,0.021,0.02,-0.021,2439
697967.8335,7461592.338,0.1186,0.02,-0.1186,2440
697930.3548,7461605.736,0.0749,0.02,-0.0749,2441
697911.3202,7461601.49,0.1277,0.02,-0.1277,2442
697948.3456,7461581.592,0.2142,0.02,-0.2142,2443
697929.4869,7461573.26,0.293,0.02,-0.293,2444
697228,7461213,0.7225,0.02,-0.7225,2445
697240.0866,7461132.988,0.5828,0.02,-0.5828,2446
697280.6204,7461256.987,0.7128,0.02,-0.7128,2447
697306.6035,7461179.237,0.6754,0.02,-0.6754,2448
697892.2855,7461597.244,0.1795,0.02,-0.1795,2449
697865.4247,7461590.774,0.2127,0.02,-0.2127,2450
697910.6282,7461564.928,0.3716,0.02,-0.3716,2451
697887.4551,7461556.04,0.4475,0.02,-0.4475,2452
697333.2408,7461300.973,0.2766,0.02,-0.2766,2453
697373.1204,7461225.487,0.7088,0.02,-0.7088,2454
697387.1204,7461331.987,-0.0841,0.02,0.0841,2455
697428.0602,7461263.243,0.5322,0.02,-0.5322,2456
697838.5638,7461584.303,0.24,0.02,-0.24,2457
697864.2819,7461547.152,0.4812,0.02,-0.4812,2458
697796.7819,7461568.152,0.3028,0.02,-0.3028,2459
697823.141,7461525.326,0.5408,0.02,-0.5408,2460
697755,7461552,0.3281,0.02,-0.3281,2461
697782,7461503.5,0.6113,0.02,-0.6113,2462
697705.5,7461522.5,0.3992,0.02,-0.3992,2463
697735.5,7461472,0.6578,0.02,-0.6578,2464
697441,7461363,-0.1078,0.02,0.1078,2465
697483,7461301,0.4213,0.02,-0.4213,2466
697497,7461397,0.0852,0.02,-0.0852,2467
697536.75,7461337.5,0.6057,0.02,-0.6057,2468
697553,7461431,0.3253,0.02,-0.3253,2469
697656,7461493,0.4513,0.02,-0.4513,2470
697689,7461440.5,0.6957,0.02,-0.6957,2471
697590.5,7461374,0.6677,0.02,-0.6677,2472
697604.5,7461462,0.3772,0.02,-0.3772,2473
697639.75,7461407.25,0.6775,0.02,-0.6775,2474
697205.9738,7460623.98,0.5824,0.02,-0.5824,2475
697216,7460551,-0.437,0.02,0.437,2476
697276.4869,7460612.99,0.5433,0.02,-0.5433,2477
697275.5,7460542.5,-0.12,0.02,0.12,2478
697347,7460602,0.5206,0.02,-0.5206,2479
697335,7460534,0.4352,0.02,-0.4352,2480
697430.25,7460582.25,0.6168,0.02,-0.6168,2481
697422,7460518.5,-0.4343,0.02,0.4343,2482
697513.5,7460562.5,0.1119,0.02,-0.1119,2483
697509,7460503,-0.79,0.02,0.79,2484
697589.75,7460538.5,-0.3532,0.02,0.3532,2485
697587,7460482.5,-0.9996,0.02,0.9996,2486
697666,7460514.5,-0.6209,0.02,0.6209,2487
697665,7460462,-1.0247,0.02,1.0247,2488
697724.5,7460492.75,-0.8951,0.02,0.8951,2489
697783,7460471,-1.0792,0.02,1.0792,2490
697714,7460452.5,-1.0822,0.02,1.0822,2491
697763,7460443,-1.1278,0.02,1.1278,2492
697884,7460390,-1.092,0.02,1.092,2493
697913.5,7460350.5,-1.0994,0.02,1.0994,2494
697867.5,7460367,-1.1159,0.02,1.1159,2495
697854.5,7460429.5,-1.0888,0.02,1.0888,2496
697883,7460349,-1.1129,0.02,1.1129,2497
697852,7460385,-1.1183,0.02,1.1183,2498
698326.837,7461578.663,-0.9974,0.02,0.9974,2499
698329.5256,7461585.839,-1.0508,0.02,1.0508,2500
698254.4079,7461631.325,-0.9596,0.02,0.9596,2501
698269.5958,7461647.868,-1.086,0.02,1.086,2502
698299.5981,7461586.863,-0.916,0.02,0.916,2503
698308.742,7461600.639,-1.022,0.02,1.022,2504
698277.0029,7461609.094,-0.9239,0.02,0.9239,2505
698289.1689,7461624.254,-1.037,0.02,1.037,2506
698313.2175,7461582.763,-0.9563,0.02,0.9563,2507
698319.1338,7461593.239,-1.0444,0.02,1.0444,2508
698324.1483,7461571.486,-0.9438,0.02,0.9438,2509
698307.3012,7461572.286,-0.8674,0.02,0.8674,2510
698327.8903,7461563.92,-0.9189,0.02,0.9189,2511
698313.2866,7461560.571,-0.8285,0.02,0.8285,2512
698331.6322,7461556.354,-0.8944,0.02,0.8944,2513
698319.272,7461548.856,-0.7906,0.02,0.7906,2514
698340.5107,7461547.635,-0.8895,0.02,0.8895,2515
698330.3712,7461539.262,-0.7909,0.02,0.7909,2516
698349.3892,7461538.916,-0.867,0.02,0.867,2517
698377.5915,7461537.521,-0.935,0.02,0.935,2518
698341.4704,7461529.669,-0.7898,0.02,0.7898,2519
698377.5915,7461523.92,-0.8678,0.02,0.8678,2520
698363.4904,7461538.219,-0.9007,0.02,0.9007,2521
698391.228,7461543.584,-0.9983,0.02,0.9983,2522
698404.8645,7461549.646,-1.0562,0.02,1.0562,2523
698359.5309,7461526.794,-0.8277,0.02,0.8277,2524
698394.6931,7461534.232,-0.9665,0.02,0.9665,2525
698411.7948,7461544.544,-1.0538,0.02,1.0538,2526
698239.2199,7461614.782,-0.8085,0.02,0.8085,2527
698264.837,7461593.934,-0.7957,0.02,0.7957,2528
698223.7076,7461595.948,-0.6222,0.02,0.6222,2529
698242.9796,7461576.578,-0.5854,0.02,0.5854,2530
698208.1953,7461577.114,-0.4331,0.02,0.4331,2531
698173.0977,7461578.057,-0.2894,0.02,0.2894,2532
698221.1222,7461559.222,-0.3721,0.02,0.3721,2533
698184.5907,7461553.413,-0.165,0.02,0.165,2534
697195.9475,7460696.96,0.674,0.02,-0.674,2535
697277.4738,7460683.48,0.5442,0.02,-0.5442,2536
697215.2052,7460781.989,0.6853,0.02,-0.6853,2537
697297.1026,7460759.994,0.6146,0.02,-0.6146,2538
698062.6405,7461589.097,-0.026,0.02,0.026,2539
698138,7461579,-0.1466,0.02,0.1466,2540
697999.55,7461578.142,0.1731,0.02,-0.1731,2541
698100.3203,7461584.049,-0.0648,0.02,0.0648,2542
698148.0591,7461547.604,0.0483,0.02,-0.0483,2543
697982.9432,7461567.795,0.2625,0.02,-0.2625,2544
698031.0953,7461583.62,0.0776,0.02,-0.0776,2545
698057.8716,7461542.224,0.3257,0.02,-0.3257,2546
698026.3264,7461536.746,0.4045,0.02,-0.4045,2547
698102.9654,7461544.914,0.2369,0.02,-0.2369,2548
697234.4628,7460867.017,0.6765,0.02,-0.6765,2549
697316.7314,7460836.508,0.6243,0.02,-0.6243,2550
697243.318,7460959.996,0.6225,0.02,-0.6225,2551
697333.409,7460915.998,0.5586,0.02,-0.5586,2552
697252.1731,7461052.975,0.6473,0.02,-0.6473,2553
697350.0866,7460995.488,0.573,0.02,-0.573,2554
697332.5866,7461101.488,0.611,0.02,-0.611,2555
697412.2933,7461045.744,0.5644,0.02,-0.5644,2556
697966.3363,7461557.447,0.3519,0.02,-0.3519,2557
697928.9709,7461532.612,0.5398,0.02,-0.5398,2558
697947.6536,7461545.03,0.4573,0.02,-0.4573,2559
698009.7195,7461526.399,0.4762,0.02,-0.4762,2560
697909.4855,7461521.306,0.6014,0.02,-0.6014,2561
697948.6856,7461491.114,0.6805,0.02,-0.6805,2562
697979.2025,7461508.756,0.5847,0.02,-0.5847,2563
697413,7461150,0.6072,0.02,-0.6072,2564
697469,7461194.5,0.6637,0.02,-0.6637,2565
697474.5,7461096,0.5606,0.02,-0.5606,2566
697525.75,7461141,0.6152,0.02,-0.6152,2567
697890,7461510,0.6534,0.02,-0.6534,2568
697849.5,7461482.5,0.7183,0.02,-0.7183,2569
697929.2001,7461479.808,0.7111,0.02,-0.7111,2570
697888.6001,7461447.154,0.75,0.02,-0.75,2571
697525,7461239,0.6582,0.02,-0.6582,2572
697577,7461186,0.6902,0.02,-0.6902,2573
697576.5,7461278,0.6463,0.02,-0.6463,2574
697625.5,7461226.25,0.7319,0.02,-0.7319,2575
697809,7461455,0.7329,0.02,-0.7329,2576
697848,7461414.5,0.7681,0.02,-0.7681,2577
697765.5,7461421.5,0.755,0.02,-0.755,2578
697805.75,7461378,0.7863,0.02,-0.7863,2579
697722,7461388,0.782,0.02,-0.782,2580
697628,7461317,0.8167,0.02,-0.8167,2581
697675,7461352.5,0.8421,0.02,-0.8421,2582
697763.5,7461341.5,0.8104,0.02,-0.8104,2583
697674,7461266.5,0.8207,0.02,-0.8207,2584
697718.75,7461304,0.8517,0.02,-0.8517,2585
697359,7460670,0.5091,0.02,-0.5091,2586
697438.5,7460646,0.503,0.02,-0.503,2587
697379,7460738,0.5569,0.02,-0.5569,2588
697455.75,7460709.5,0.5078,0.02,-0.5078,2589
698473.75,7460579.25,-1.0954,0.02,1.0954,2590
698508.5,7460603.5,-1.0965,0.02,1.0965,2591
698478.5,7460559,-1.0968,0.02,1.0968,2592
698507,7460591,-1.0895,0.02,1.0895,2593
698469,7460599.5,-1.0979,0.02,1.0979,2594
698510,7460616,-1.1039,0.02,1.1039,2595
698459.5,7460620.75,-1.0996,0.02,1.0996,2596
698450,7460642,-1.1024,0.02,1.1024,2597
698498,7460631.5,-1.1101,0.02,1.1101,2598
698486,7460647,-1.1172,0.02,1.1172,2599
697518,7460622,0.5665,0.02,-0.5665,2600
697592.5,7460594.5,0.3584,0.02,-0.3584,2601
697532.5,7460681,0.5164,0.02,-0.5164,2602
697604.25,7460650.75,0.6067,0.02,-0.6067,2603
697667,7460567,-0.0925,0.02,0.0925,2604
697735,7460533,-0.5582,0.02,0.5582,2605
697676,7460620.5,0.4191,0.02,-0.4191,2606
697742.5483,7460587.37,-0.0292,0.02,0.0292,2607
698097.75,7460309,-1.0772,0.02,1.0772,2608
698138,7460282,-1.1071,0.02,1.1071,2609
698057.5,7460286.5,-1.1197,0.02,1.1197,2610
698092,7460272,-1.1191,0.02,1.1191,2611
698057.5,7460336,-1.0642,0.02,1.0642,2612
698023,7460301,-1.1142,0.02,1.1142,2613
698014.5,7460367.5,-1.0516,0.02,1.0516,2614
697983.5,7460326.5,-1.0909,0.02,1.0909,2615
697803,7460499,-0.8922,0.02,0.8922,2616
697809.0967,7460554.241,-0.4313,0.02,0.4313,2617
697844.6464,7460531.032,-0.6297,0.02,0.6297,2618
697830,7460486.5,-0.9608,0.02,0.9608,2619
697944,7460352,-1.0877,0.02,1.0877,2620
697857,7460474,-0.991,0.02,0.991,2621
697880.1961,7460507.824,-0.769,0.02,0.769,2622
697971.5,7460399,-1.0273,0.02,1.0273,2623
697900.5,7460413,-1.0627,0.02,1.0627,2624
697925.848,7460453.412,-0.9635,0.02,0.9635,2625
698290.4541,7461573.086,-0.7912,0.02,0.7912,2626
698298.6829,7461557.222,-0.7374,0.02,0.7374,2627
698262.2516,7461557.208,-0.5583,0.02,0.5583,2628
698275.7674,7461540.095,-0.5206,0.02,0.5206,2629
698398.1583,7461524.88,-0.9355,0.02,0.9355,2630
698418.725,7461539.441,-1.0531,0.02,1.0531,2631
698414.0495,7461508.578,-0.9207,0.02,0.9207,2632
698434.3032,7461527.997,-1.0564,0.02,1.0564,2633
698306.9117,7461541.358,-0.6855,0.02,0.6855,2634
698289.2832,7461522.981,-0.4634,0.02,0.4634,2635
698320.2316,7461530.89,-0.6849,0.02,0.6849,2636
698303.0706,7461511.704,-0.4604,0.02,0.4604,2637
698333.5515,7461520.421,-0.6905,0.02,0.6905,2638
698316.858,7461500.427,-0.4655,0.02,0.4655,2639
698355.5715,7461515.37,-0.7521,0.02,0.7521,2640
698338.3521,7461491.367,-0.541,0.02,0.541,2641
698377.5915,7461510.319,-0.8006,0.02,0.8006,2642
698359.8463,7461482.308,-0.5926,0.02,0.5926,2643
698393.7958,7461489.16,-0.7623,0.02,0.7623,2644
698378.4666,7461467.832,-0.6175,0.02,0.6175,2645
698234.0491,7461541.33,-0.3187,0.02,0.3187,2646
698196.0837,7461528.769,-0.0296,0.02,0.0296,2647
698252.8519,7461522.967,-0.2634,0.02,0.2634,2648
698215.4175,7461505.833,0.0795,0.02,-0.0795,2649
698158.1183,7461516.207,0.2509,0.02,-0.2509,2650
698105.6105,7461505.779,0.5237,0.02,-0.5237,2651
698177.9832,7461488.698,0.3893,0.02,-0.3893,2652
698130.2672,7461470.937,0.6949,0.02,-0.6949,2653
697399,7460806,0.56,0.02,-0.56,2654
697473,7460773,0.5091,0.02,-0.5091,2655
697423.5,7460872,0.5169,0.02,-0.5169,2656
697497,7460833.75,0.4821,0.02,-0.4821,2657
698053.1027,7461495.35,0.6128,0.02,-0.6128,2658
698010.7515,7461472.483,0.6722,0.02,-0.6722,2659
698082.5514,7461453.175,0.7882,0.02,-0.7882,2660
698040.2237,7461427.932,0.7606,0.02,-0.7606,2661
697448,7460938,0.5641,0.02,-0.5641,2662
697521,7460894.5,0.4937,0.02,-0.4937,2663
697492,7460990,0.5538,0.02,-0.5538,2664
697560.5,7460945,0.5334,0.02,-0.5334,2665
697536,7461042,0.5879,0.02,-0.5879,2666
697600,7460995.5,0.5632,0.02,-0.5632,2667
697582.5,7461087.5,0.5781,0.02,-0.5781,2668
697643,7461040.5,0.5437,0.02,-0.5437,2669
697968.4002,7461449.616,0.7038,0.02,-0.7038,2670
697997.896,7461402.689,0.7147,0.02,-0.7147,2671
697927.7001,7461411.808,0.7519,0.02,-0.7519,2672
697961.948,7461366.594,0.7331,0.02,-0.7331,2673
697629,7461133,0.5712,0.02,-0.5712,2674
697686,7461085.5,0.522,0.02,-0.522,2675
697674.5,7461174.5,0.5941,0.02,-0.5941,2676
697728.25,7461127.5,0.5321,0.02,-0.5321,2677
697887,7461374,0.7975,0.02,-0.7975,2678
697846,7461334.5,0.8108,0.02,-0.8108,2679
697926,7461330.5,0.756,0.02,-0.756,2680
697887.75,7461290.75,0.665,0.02,-0.665,2681
697720,7461216,0.6607,0.02,-0.6607,2682
697805,7461295,0.8118,0.02,-0.8118,2683
697770.5,7461169.5,0.5632,0.02,-0.5632,2684
697762.5,7461255.5,0.7738,0.02,-0.7738,2685
697849.5,7461251,0.6225,0.02,-0.6225,2686
697810,7461210.25,0.5606,0.02,-0.5606,2687
697547,7460740,0.5071,0.02,-0.5071,2688
697616,7460707,0.5311,0.02,-0.5311,2689
697570.5,7460795.5,0.4861,0.02,-0.4861,2690
697638.5,7460759.5,0.4928,0.02,-0.4928,2691
698439,7460555,-1.0995,0.02,1.0995,2692
698450,7460527,-1.105,0.02,1.105,2693
698399.75,7460533.5,-1.0969,0.02,1.0969,2694
698413.5,7460498.5,-1.1168,0.02,1.1168,2695
698428,7460583,-1.0999,0.02,1.0999,2696
698421,7460610,-1.1009,0.02,1.1009,2697
698386,7460568.5,-1.0991,0.02,1.0991,2698
698414,7460637,-1.1027,0.02,1.1027,2699
698383.75,7460605,-1.1025,0.02,1.1025,2700
698381.5,7460641.5,-1.1098,0.02,1.1098,2701
697685,7460674,0.5913,0.02,-0.5913,2702
697706.5,7460723.5,0.5621,0.02,-0.5621,2703
697750.0967,7460641.741,0.4727,0.02,-0.4727,2704
697771.2491,7460686.804,0.6194,0.02,-0.6194,2705
698138,7460331.5,-1.0623,0.02,1.0623,2706
698184,7460292,-1.1225,0.02,1.1225,2707
698167.75,7460364.75,-1.0531,0.02,1.0531,2708
698210,7460320.5,-1.1059,0.02,1.1059,2709
697815.1933,7460609.482,0.0922,0.02,-0.0922,2710
697859.2927,7460575.565,-0.2632,0.02,0.2632,2711
697835.9982,7460650.107,0.4256,0.02,-0.4256,2712
697884.0971,7460613.966,0.0892,0.02,-0.0892,2713
698092,7460371,-1.0301,0.02,1.0301,2714
698045.5,7460408.5,-0.9861,0.02,0.9861,2715
698125.5,7460409,-0.9871,0.02,0.9871,2716
698077.5,7460447.5,-0.9146,0.02,0.9146,2717
697999,7460446,-0.9079,0.02,0.9079,2718
697903.3921,7460541.648,-0.5332,0.02,0.5332,2719
697932.1961,7460577.824,-0.2866,0.02,0.2866,2720
697951.1961,7460493.824,-0.7921,0.02,0.7921,2721
698029.5,7460486,-0.7925,0.02,0.7925,2722
697980.848,7460531.912,-0.5716,0.02,0.5716,2723
698429.9407,7461492.277,-0.9209,0.02,0.9209,2724
698449.8814,7461516.553,-1.07,0.02,1.07,2725
698447.9628,7461470.128,-0.9413,0.02,0.9413,2726
698470.9257,7461494.756,-1.0617,0.02,1.0617,2727
698271.6547,7461504.604,-0.2237,0.02,0.2237,2728
698234.7514,7461482.897,0.1823,0.02,-0.1823,2729
698285.9096,7461492.519,-0.2191,0.02,0.2191,2730
698254.9737,7461465.32,0.1782,0.02,-0.1782,2731
698410,7461468,-0.7627,0.02,0.7627,2732
698397.0869,7461453.357,-0.6547,0.02,0.6547,2733
698425,7461445.5,-0.7708,0.02,0.7708,2734
698401.5434,7461428.428,-0.6052,0.02,0.6052,2735
698300.1645,7461480.433,-0.2314,0.02,0.2314,2736
698321.1328,7461467.365,-0.3018,0.02,0.3018,2737
698275.1961,7461447.744,0.152,0.02,-0.152,2738
698301.2586,7461435.104,0.0268,0.02,-0.0268,2739
698342.101,7461454.296,-0.3887,0.02,0.3887,2740
698384.1738,7461438.713,-0.5382,0.02,0.5382,2741
698327.3212,7461422.464,-0.1704,0.02,0.1704,2742
698363.1374,7461446.505,-0.4597,0.02,0.4597,2743
698378.0869,7461411.357,-0.4549,0.02,0.4549,2744
698352.704,7461416.91,-0.3312,0.02,0.3312,2745
698197.848,7461461.189,0.5058,0.02,-0.5058,2746
698154.924,7461436.095,0.8147,0.02,-0.8147,2747
698224.0379,7461438.122,0.595,0.02,-0.595,2748
698185.5189,7461408.061,0.6482,0.02,-0.6482,2749
698112,7461411,0.8239,0.02,-0.8239,2750
698147,7461378,0.6247,0.02,-0.6247,2751
698069.6959,7461383.381,0.7131,0.02,-0.7131,2752
698108.5979,7461348.94,0.5535,0.02,-0.5535,2753
697594,7460851,0.4478,0.02,-0.4478,2754
697661,7460812,0.445,0.02,-0.445,2755
697629,7460900,0.466,0.02,-0.466,2756
697694,7460859,0.4578,0.02,-0.4578,2757
698027.3918,7461355.761,0.6486,0.02,-0.6486,2758
698070.1959,7461319.881,0.5306,0.02,-0.5306,2759
697996.1959,7461321.381,0.6027,0.02,-0.6027,2760
698038.5979,7461283.94,0.5461,0.02,-0.5461,2761
697664,7460949,0.5918,0.02,-0.5918,2762
697727,7460906,0.5292,0.02,-0.5292,2763
697703.5,7460993.5,0.5798,0.02,-0.5798,2764
697764.25,7460949.5,0.5443,0.02,-0.5443,2765
697743,7461038,0.5576,0.02,-0.5576,2766
697801.5,7460993,0.5963,0.02,-0.5963,2767
697782,7461080.5,0.5116,0.02,-0.5116,2768
697838,7461036,0.5946,0.02,-0.5946,2769
697965,7461287,0.5478,0.02,-0.5478,2770
698007,7461248,0.4803,0.02,-0.4803,2771
697929.5,7461247,0.5188,0.02,-0.5188,2772
697974,7461206.75,0.4902,0.02,-0.4902,2773
697821,7461123,0.524,0.02,-0.524,2774
697894,7461207,0.4981,0.02,-0.4981,2775
697874.5,7461079,0.5956,0.02,-0.5956,2776
697857.5,7461165,0.5249,0.02,-0.5249,2777
697941,7461165.5,0.5029,0.02,-0.5029,2778
697907.75,7461122.25,0.5461,0.02,-0.5461,2779
697728,7460773,0.507,0.02,-0.507,2780
697759,7460818,0.4942,0.02,-0.4942,2781
697792.4015,7460731.866,0.6031,0.02,-0.6031,2782
697821.4508,7460776.183,0.5521,0.02,-0.5521,2783
698360.5,7460512,-1.0969,0.02,1.0969,2784
698377,7460470,-1.113,0.02,1.113,2785
698197.5,7460398,-1.0478,0.02,1.0478,2786
698236,7460349,-1.0994,0.02,1.0994,2787
698273,7460463.5,-1.065,0.02,1.065,2788
698306,7460400,-1.1067,0.02,1.1067,2789
698235.25,7460430.75,-1.0612,0.02,1.0612,2790
698271,7460374.5,-1.1037,0.02,1.1037,2791
698316.75,7460487.75,-1.0801,0.02,1.0801,2792
698341.5,7460435,-1.0965,0.02,1.0965,2793
698344,7460554,-1.0965,0.02,1.0965,2794
698346.5,7460600,-1.1034,0.02,1.1034,2795
698292,7460540.5,-1.0689,0.02,1.0689,2796
698349,7460646,-1.1205,0.02,1.1205,2797
698304,7460593.75,-1.0891,0.02,1.0891,2798
698316,7460647,-1.1133,0.02,1.1133,2799
697856.803,7460690.733,0.599,0.02,-0.599,2800
697908.9015,7460652.366,0.3702,0.02,-0.3702,2801
697883.9015,7460734.366,0.6407,0.02,-0.6407,2802
697938.2008,7460693.183,0.542,0.02,-0.542,2803
698159,7460447,-0.9726,0.02,0.9726,2804
698109.5,7460486.5,-0.8451,0.02,0.8451,2805
698199.5,7460487,-0.9889,0.02,0.9889,2806
698148.75,7460523.5,-0.8327,0.02,0.8327,2807
697961,7460614,-0.0233,0.02,0.0233,2808
698060,7460526,-0.6668,0.02,0.6668,2809
698010.5,7460570,-0.3788,0.02,0.3788,2810
697992.5,7460652,0.2005,0.02,-0.2005,2811
698098,7460560,-0.6161,0.02,0.6161,2812
698045.25,7460606,-0.2744,0.02,0.2744,2813
698465.985,7461447.979,-0.9526,0.02,0.9526,2814
698491.9699,7461472.958,-1.0637,0.02,1.0637,2815
698486.2907,7461415.475,-0.9399,0.02,0.9399,2816
698517.5815,7461437.949,-1.0574,0.02,1.0574,2817
698440,7461423,-0.7979,0.02,0.7979,2818
698406,7461403.5,-0.5851,0.02,0.5851,2819
698455,7461393,-0.8099,0.02,0.8099,2820
698416.25,7461373.25,-0.5864,0.02,0.5864,2821
698250.2277,7461415.055,0.4051,0.02,-0.4051,2822
698372,7461384,-0.3832,0.02,0.3832,2823
698312.5414,7461390.631,-0.0505,0.02,0.0505,2824
698281.3846,7461402.843,0.1642,0.02,-0.1642,2825
698216.1139,7461380.028,0.4948,0.02,-0.4948,2826
698377.5,7461353.5,-0.3786,0.02,0.3786,2827
698295.7707,7461343.816,0.0613,0.02,-0.0613,2828
698342.2707,7461387.316,-0.2407,0.02,0.2407,2829
698255.9423,7461361.922,0.2968,0.02,-0.2968,2830
698336.6354,7461348.658,-0.1762,0.02,0.1762,2831
698182,7461345,0.4775,0.02,-0.4775,2832
698147.5,7461314.5,0.4962,0.02,-0.4962,2833
698230.5,7461321,0.4236,0.02,-0.4236,2834
698192.75,7461287,0.5062,0.02,-0.5062,2835
698113,7461284,0.6731,0.02,-0.6731,2836
698081,7461246.5,0.5967,0.02,-0.5967,2837
698155,7461253,0.592,0.02,-0.592,2838
698123.25,7461214,0.5815,0.02,-0.5815,2839
697790,7460863,0.546,0.02,-0.546,2840
697850.5,7460820.5,0.5371,0.02,-0.5371,2841
697825,7460905.5,0.588,0.02,-0.588,2842
697881.4725,7460863.261,0.5727,0.02,-0.5727,2843
698049,7461209,0.5256,0.02,-0.5256,2844
698091.5,7461175,0.5481,0.02,-0.5481,2845
698018.5,7461166.5,0.5004,0.02,-0.5004,2846
698064,7461130.75,0.5722,0.02,-0.5722,2847
697860,7460948,0.5487,0.02,-0.5487,2848
697912.4449,7460906.022,0.5866,0.02,-0.5866,2849
697894,7460991.5,0.5712,0.02,-0.5712,2850
697944.8193,7460949.669,0.5747,0.02,-0.5747,2851
697928,7461035,0.5968,0.02,-0.5968,2852
697988,7461124,0.5776,0.02,-0.5776,2853
697977.1937,7460993.316,0.5689,0.02,-0.5689,2854
698036.5,7461086.5,0.5839,0.02,-0.5839,2855
697958,7461079.5,0.5972,0.02,-0.5972,2856
698006.8469,7461039.908,0.5682,0.02,-0.5682,2857
697911,7460778,0.5848,0.02,-0.5848,2858
697937.9449,7460821.022,0.5814,0.02,-0.5814,2859
697967.5,7460734,0.5793,0.02,-0.5793,2860
697999.2225,7460773.761,0.5797,0.02,-0.5797,2861
698240,7460527,-1.0401,0.02,1.0401,2862
698261.5,7460587.5,-1.0693,0.02,1.0693,2863
698188,7460560.5,-0.9008,0.02,0.9008,2864
698283,7460648,-1.0998,0.02,1.0998,2865
698216.75,7460604,-1.0088,0.02,1.0088,2866
698245.5,7460647.5,-1.0854,0.02,1.0854,2867
698024,7460690,0.3949,0.02,-0.3949,2868
698136,7460594,-0.6387,0.02,0.6387,2869
698060.5,7460726.5,0.4626,0.02,-0.4626,2870
698172,7460620.5,-0.7571,0.02,0.7571,2871
698080,7460642,-0.1912,0.02,0.1912,2872
698116.25,7460673.5,-0.0572,0.02,0.0572,2873
698506.5966,7461382.97,-0.9395,0.02,0.9395,2874
698543.1931,7461402.94,-1.0724,0.02,1.0724,2875
698526.5053,7461352.167,-0.9563,0.02,0.9563,2876
698564.5106,7461371.334,-1.0947,0.02,1.0947,2877
698470,7461363,-0.8024,0.02,0.8024,2878
698488.5,7461333,-0.815,0.02,0.815,2879
698426.5,7461343,-0.5966,0.02,0.5966,2880
698445.75,7461313.25,-0.6476,0.02,0.6476,2881
698383,7461323,-0.3744,0.02,0.3744,2882
698403,7461293.5,-0.438,0.02,0.438,2883
698331,7461310,-0.1216,0.02,0.1216,2884
698355.5,7461277,-0.2201,0.02,0.2201,2885
698279,7461297,0.1638,0.02,-0.1638,2886
698238,7461259.5,0.3908,0.02,-0.3908,2887
698308,7461260.5,0.0229,0.02,-0.0229,2888
698270.25,7461226,0.2349,0.02,-0.2349,2889
698197,7461222,0.4914,0.02,-0.4914,2890
698232.5,7461191.5,0.4794,0.02,-0.4794,2891
698165.5,7461181.5,0.5429,0.02,-0.5429,2892
698203.5,7461151.25,0.5348,0.02,-0.5348,2893
698134,7461141,0.5645,0.02,-0.5645,2894
698174.5,7461111,0.5539,0.02,-0.5539,2895
698109.5,7461095,0.573,0.02,-0.573,2896
698153.5,7461063.5,0.5681,0.02,-0.5681,2897
697964.8898,7460864.044,0.6209,0.02,-0.6209,2898
698085,7461049,0.5767,0.02,-0.5767,2899
698026.3875,7460951.632,0.6021,0.02,-0.6021,2900
697995.6386,7460907.838,0.5934,0.02,-0.5934,2901
698132.5,7461016,0.618,0.02,-0.618,2902
698030.9449,7460813.522,0.6063,0.02,-0.6063,2903
698103.2949,7460893.339,0.653,0.02,-0.653,2904
698055.6937,7461000.316,0.5876,0.02,-0.5876,2905
698067.1199,7460853.431,0.6304,0.02,-0.6304,2906
698117.8975,7460954.67,0.6015,0.02,-0.6015,2907
698097,7460763,0.5614,0.02,-0.5614,2908
698208,7460647,-0.9293,0.02,0.9293,2909
698152.5,7460705,-0.0984,0.02,0.0984,2910
698138.6012,7460799.023,0.5799,0.02,-0.5799,2911
698188.3006,7460742.262,-0.0175,0.02,0.0175,2912
698238,7460685.5,-0.968,0.02,0.968,2913
698546.4141,7461321.364,-0.9769,0.02,0.9769,2914
698585.8281,7461339.727,-1.0859,0.02,1.0859,2915
698566.6987,7461293.856,-1.0059,0.02,1.0059,2916
698603.3973,7461313.212,-1.081,0.02,1.081,2917
698586.9833,7461266.348,-1.0003,0.02,1.0003,2918
698620.9665,7461286.696,-1.0807,0.02,1.0807,2919
698606.505,7461248.987,-1.007,0.02,1.007,2920
698633.51,7461264.973,-1.0775,0.02,1.0775,2921
698507,7461303,-0.8345,0.02,0.8345,2922
698530,7461274.5,-0.8706,0.02,0.8706,2923
698465,7461283.5,-0.6822,0.02,0.6822,2924
698487,7461255,-0.7173,0.02,0.7173,2925
698423,7461264,-0.4992,0.02,0.4992,2926
698380,7461244,-0.307,0.02,0.307,2927
698444,7461235.5,-0.5679,0.02,0.5679,2928
698404.25,7461215.25,-0.3676,0.02,0.3676,2929
698337,7461224,-0.1144,0.02,0.1144,2930
698364.5,7461195,-0.1218,0.02,0.1218,2931
698302.5,7461192.5,0.1611,0.02,-0.1611,2932
698332.75,7461165.25,0.1221,0.02,-0.1221,2933
698268,7461161,0.3774,0.02,-0.3774,2934
698301,7461135.5,0.2863,0.02,-0.2863,2935
698241.5,7461121,0.4895,0.02,-0.4895,2936
698277.25,7461098,0.4017,0.02,-0.4017,2937
698215,7461081,0.5643,0.02,-0.5643,2938
698197.5,7461032,0.604,0.02,-0.604,2939
698253.5,7461060.5,0.511,0.02,-0.511,2940
698239.5,7461015,0.5874,0.02,-0.5874,2941
698180,7460983,0.6214,0.02,-0.6214,2942
698225.5,7460969.5,0.6321,0.02,-0.6321,2943
698180.1012,7460909.023,0.6095,0.02,-0.6095,2944
698227.0506,7460909.012,0.5667,0.02,-0.5667,2945
698180.2023,7460835.046,0.5982,0.02,-0.5982,2946
698224.1012,7460779.523,0.272,0.02,-0.272,2947
698228.6012,7460848.523,0.614,0.02,-0.614,2948
698268,7460724,-0.7666,0.02,0.7666,2949
698266.3006,7460798.512,0.1512,0.02,-0.1512,2950
698304,7460748.5,-0.8435,0.02,0.8435,2951
698509,7461226.5,-0.7407,0.02,0.7407,2952
698520.5,7461194,-0.6996,0.02,0.6996,2953
698553,7461246,-0.8875,0.02,0.8875,2954
698579.5,7461233,-0.9255,0.02,0.9255,2955
698559.5,7461209.5,-0.8421,0.02,0.8421,2956
698587.1213,7461203.355,-0.9027,0.02,0.9027,2957
698606,7461220,-0.9631,0.02,0.9631,2958
698614.7426,7461197.21,-0.9621,0.02,0.9621,2959
698626.0267,7461231.625,-1.0224,0.02,1.0224,2960
698646.0534,7461243.25,-1.077,0.02,1.077,2961
698638.5207,7461203.853,-1.0241,0.02,1.0241,2962
698662.2989,7461210.496,-1.0845,0.02,1.0845,2963
698465,7461207,-0.5723,0.02,0.5723,2964
698481.5,7461178.5,-0.5283,0.02,0.5283,2965
698428.5,7461186.5,-0.3558,0.02,0.3558,2966
698448.75,7461159.5,-0.367,0.02,0.367,2967
698392,7461166,-0.1293,0.02,0.1293,2968
698416,7461140.5,-0.2019,0.02,0.2019,2969
698363,7461138,0.0464,0.02,-0.0464,2970
698389.5,7461114.75,-0.0423,0.02,0.0423,2971
698334,7461110,0.2194,0.02,-0.2194,2972
698363,7461089,0.1083,0.02,-0.1083,2973
698313,7461075,0.315,0.02,-0.315,2974
698344.5,7461056.75,0.2268,0.02,-0.2268,2975
698292,7461040,0.405,0.02,-0.405,2976
698326,7461024.5,0.3072,0.02,-0.3072,2977
698281.5,7460998,0.4566,0.02,-0.4566,2978
698317.75,7460986.25,0.3358,0.02,-0.3358,2979
698271,7460956,0.4905,0.02,-0.4905,2980
698309.5,7460948,0.3481,0.02,-0.3481,2981
698274,7460909,0.4212,0.02,-0.4212,2982
698313.75,7460906,0.2901,0.02,-0.2901,2983
698277,7460862,0.3631,0.02,-0.3631,2984
698308.5,7460817.5,-0.1367,0.02,0.1367,2985
698318,7460864,0.1598,0.02,-0.1598,2986
698340,7460773,-0.9028,0.02,0.9028,2987
698343.8319,7460823.93,-0.3678,0.02,0.3678,2988
698369.6637,7460783.861,-0.8943,0.02,0.8943,2989
698469,7461132.5,-0.4264,0.02,0.4264,2990
698488.25,7461108.75,-0.4826,0.02,0.4826,2991
698498,7461150,-0.5462,0.02,0.5462,2992
698515,7461124.5,-0.5902,0.02,0.5902,2993
698532,7461161.5,-0.6808,0.02,0.6808,2994
698545.5,7461134.75,-0.7104,0.02,0.7104,2995
698566,7461173,-0.8174,0.02,0.8174,2996
698576,7461145,-0.8199,0.02,0.8199,2997
698594.7425,7461173.709,-0.8905,0.02,0.8905,2998
698605.8713,7461145.105,-0.896,0.02,0.896,2999
698623.4851,7461174.419,-0.963,0.02,0.963,3000
698635.7426,7461145.21,-0.9722,0.02,0.9722,3001
698651.0147,7461176.081,-1.033,0.02,1.033,3002
698678.5443,7461177.742,-1.1025,0.02,1.1025,3003
698662.5097,7461145.795,-1.0407,0.02,1.0407,3004
698689.277,7461146.381,-1.0966,0.02,1.0966,3005
698440,7461115,-0.2904,0.02,0.2904,3006
698461.5,7461093,-0.3776,0.02,0.3776,3007
698416,7461091.5,-0.159,0.02,0.159,3008
698439.75,7461071.5,-0.2683,0.02,0.2683,3009
698507.5,7461085,-0.5437,0.02,0.5437,3010
698525.25,7461064.25,-0.6006,0.02,0.6006,3011
698483,7461071,-0.4476,0.02,0.4476,3012
698463.5,7461051.5,-0.3741,0.02,0.3741,3013
698503,7461051.5,-0.5192,0.02,0.5192,3014
698485.5,7461034,-0.4569,0.02,0.4569,3015
698392,7461068,-0.023,0.02,0.023,3016
698376,7461038.5,0.07,0.02,-0.07,3017
698418,7461050,-0.152,0.02,0.152,3018
698403.5,7461023.25,-0.0726,0.02,0.0726,3019
698360,7461009,0.1652,0.02,-0.1652,3020
698389,7460996.5,-0.0027,0.02,0.0027,3021
698354,7460974.5,0.1814,0.02,-0.1814,3022
698384.75,7460965.25,-0.0028,0.02,0.0028,3023
698348,7460940,0.1922,0.02,-0.1922,3024
698380.5,7460934,-0.0154,0.02,0.0154,3025
698353.5,7460903,0.1169,0.02,-0.1169,3026
698386.5,7460900.25,-0.1146,0.02,0.1146,3027
698359,7460866,-0.0784,0.02,0.0784,3028
698379.1637,7460830.361,-0.5029,0.02,0.5029,3029
698392.5,7460866.5,-0.3234,0.02,0.3234,3030
698399.3274,7460794.721,-0.9146,0.02,0.9146,3031
698410.3319,7460832.43,-0.6781,0.02,0.6781,3032
698428.1637,7460798.361,-0.9995,0.02,0.9995,3033
698532,7461099,-0.6396,0.02,0.6396,3034
698547.5,7461077,-0.6878,0.02,0.6878,3035
698559,7461108,-0.7426,0.02,0.7426,3036
698572.75,7461085,-0.7764,0.02,0.7764,3037
698586,7461117,-0.824,0.02,0.824,3038
698598,7461093,-0.8433,0.02,0.8433,3039
698617,7461116.5,-0.9034,0.02,0.9034,3040
698628,7461091.25,-0.9179,0.02,0.9179,3041
698648,7461116,-0.9828,0.02,0.9828,3042
698674.0048,7461115.51,-1.0494,0.02,1.0494,3043
698658,7461089.5,-0.9922,0.02,0.9922,3044
698700.0096,7461115.02,-1.0905,0.02,1.0905,3045
698683.129,7461088.193,-1.0492,0.02,1.0492,3046
698708.2581,7461086.886,-1.0824,0.02,1.0824,3047
698586.5,7461062,-0.8011,0.02,0.8011,3048
698598.25,7461043.25,-0.8311,0.02,0.8311,3049
698444,7461032,-0.2888,0.02,0.2888,3050
698468,7461016.5,-0.3952,0.02,0.3952,3051
698431,7461008,-0.2226,0.02,0.2226,3052
698455.5,7460995,-0.3719,0.02,0.3719,3053
698563,7461055,-0.7396,0.02,0.7396,3054
698578,7461036,-0.7813,0.02,0.7813,3055
698543,7461043.5,-0.6666,0.02,0.6666,3056
698559.25,7461025,-0.7268,0.02,0.7268,3057
698523,7461032,-0.5941,0.02,0.5941,3058
698507.5,7461016.5,-0.5389,0.02,0.5389,3059
698540.5,7461014,-0.659,0.02,0.659,3060
698525.5,7460999.25,-0.6247,0.02,0.6247,3061
698492,7461001,-0.498,0.02,0.498,3062
698510.5,7460984.5,-0.5948,0.02,0.5948,3063
698480,7460982,-0.4832,0.02,0.4832,3064
698498.25,7460970.75,-0.5712,0.02,0.5712,3065
698418,7460984,-0.1772,0.02,0.1772,3066
698443,7460973.5,-0.3326,0.02,0.3326,3067
698415.5,7460956,-0.193,0.02,0.193,3068
698441.75,7460948.5,-0.3648,0.02,0.3648,3069
698413,7460928,-0.2279,0.02,0.2279,3070
698440.5,7460923.5,-0.4103,0.02,0.4103,3071
698419.5,7460897.5,-0.35,0.02,0.35,3072
698447.75,7460895.5,-0.5523,0.02,0.5523,3073
698426,7460867,-0.5678,0.02,0.5678,3074
698455,7460867.5,-0.7737,0.02,0.7737,3075
698441.5,7460834.5,-0.863,0.02,0.863,3076
698457,7460802,-1.0809,0.02,1.0809,3077
698469.25,7460838,-0.9505,0.02,0.9505,3078
698483.5,7460808.5,-1.0714,0.02,1.0714,3079
698610,7461069,-0.8615,0.02,0.8615,3080
698668,7461063,-1.0005,0.02,1.0005,3081
698618.5,7461050.5,-0.8805,0.02,0.8805,3082
698673,7461036,-1.0171,0.02,1.0171,3083
698639,7461066,-0.9311,0.02,0.9311,3084
698692.2533,7461060.876,-1.0449,0.02,1.0449,3085
698716.5065,7461058.751,-1.0769,0.02,1.0769,3086
698645.75,7461043.25,-0.9486,0.02,0.9486,3087
698698.773,7461032.647,-1.0558,0.02,1.0558,3088
698724.5459,7461029.295,-1.0867,0.02,1.0867,3089
698627,7461032,-0.9034,0.02,0.9034,3090
698610,7461024.5,-0.8617,0.02,0.8617,3091
698652.5,7461020.5,-0.9683,0.02,0.9683,3092
698631.75,7461010.75,-0.9175,0.02,0.9175,3093
698593,7461017,-0.8197,0.02,0.8197,3094
698611,7461001,-0.8775,0.02,0.8775,3095
698575.5,7461006.5,-0.7831,0.02,0.7831,3096
698592.5,7460989.5,-0.8526,0.02,0.8526,3097
698468,7460963,-0.4657,0.02,0.4657,3098
698468,7460941,-0.5106,0.02,0.5106,3099
698486,7460957,-0.5457,0.02,0.5457,3100
698489,7460937.5,-0.6001,0.02,0.6001,3101
698558,7460996,-0.7514,0.02,0.7514,3102
698574,7460978,-0.8347,0.02,0.8347,3103
698543.5,7460982,-0.7245,0.02,0.7245,3104
698558,7460964.25,-0.8155,0.02,0.8155,3105
698529,7460968,-0.6952,0.02,0.6952,3106
698504,7460951,-0.6296,0.02,0.6296,3107
698542,7460950.5,-0.78,0.02,0.78,3108
698516.5,7460959.5,-0.6617,0.02,0.6617,3109
698510,7460934,-0.6891,0.02,0.6891,3110
698526,7460942.25,-0.7341,0.02,0.7341,3111
698468,7460919,-0.5601,0.02,0.5601,3112
698492,7460918,-0.6541,0.02,0.6541,3113
698476,7460893.5,-0.6816,0.02,0.6816,3114
698500.75,7460894.5,-0.7604,0.02,0.7604,3115
698484,7460868,-0.8394,0.02,0.8394,3116
698509.5,7460871,-0.8875,0.02,0.8875,3117
698497,7460841.5,-0.9782,0.02,0.9782,3118
698510,7460815,-1.0706,0.02,1.0706,3119
698521.75,7460846.25,-1.0029,0.02,1.0029,3120
698534,7460821.5,-1.076,0.02,1.076,3121
698705.2927,7461004.419,-1.0655,0.02,1.0655,3122
698732.5853,7460999.838,-1.0951,0.02,1.0951,3123
698710.8358,7460985.952,-1.073,0.02,1.073,3124
698735.1716,7460984.404,-1.0978,0.02,1.0978,3125
698716.379,7460967.485,-1.0798,0.02,1.0798,3126
698737.7579,7460968.969,-1.1003,0.02,1.1003,3127
698719.0415,7460955.338,-1.0834,0.02,1.0834,3128
698737.7579,7460959.703,-1.1001,0.02,1.1001,3129
698721.7041,7460943.192,-1.0893,0.02,1.0893,3130
698737.7579,7460950.436,-1.1017,0.02,1.1017,3131
698722.4131,7460930.532,-1.0935,0.02,1.0935,3132
698735.7861,7460937.323,-1.1032,0.02,1.1032,3133
698723.1221,7460917.872,-1.0977,0.02,1.0977,3134
698733.8143,7460924.21,-1.1048,0.02,1.1048,3135
698724.5908,7460907.736,-1.1017,0.02,1.1017,3136
698733.3809,7460915.333,-1.1067,0.02,1.1067,3137
698726.0595,7460897.6,-1.1062,0.02,1.1062,3138
698732.9474,7460906.456,-1.1086,0.02,1.1086,3139
698678,7461009,-1.0341,0.02,1.0341,3140
698686.5,7460987.5,-1.0479,0.02,1.0479,3141
698653.5,7460997,-0.9803,0.02,0.9803,3142
698663.5,7460977.25,-1.0121,0.02,1.0121,3143
698629,7460985,-0.9364,0.02,0.9364,3144
698640.5,7460967,-0.9754,0.02,0.9754,3145
698609.5,7460972.5,-0.9124,0.02,0.9124,3146
698621.5,7460954.25,-0.9561,0.02,0.9561,3147
698590,7460960,-0.8965,0.02,0.8965,3148
698516,7460917,-0.748,0.02,0.748,3149
698555,7460933,-0.8655,0.02,0.8655,3150
698602.5,7460941.5,-0.9442,0.02,0.9442,3151
698568,7460910.5,-0.9546,0.02,0.9546,3152
698525.5,7460895.5,-0.8412,0.02,0.8412,3153
698572.5,7460946.5,-0.8925,0.02,0.8925,3154
698535.5,7460925,-0.8063,0.02,0.8063,3155
698585.25,7460926,-0.9457,0.02,0.9457,3156
698546.75,7460903,-0.8943,0.02,0.8943,3157
698535,7460874,-0.9416,0.02,0.9416,3158
698546.5,7460851,-1.0336,0.02,1.0336,3159
698558,7460828,-1.0893,0.02,1.0893,3160
698558,7460881,-0.9858,0.02,0.9858,3161
698566.5,7460856.5,-1.0571,0.02,1.0571,3162
698575,7460832,-1.0944,0.02,1.0944,3163
698695,7460966,-1.0596,0.02,1.0596,3164
698700.3252,7460950.974,-1.0678,0.02,1.0678,3165
698673.5,7460957.5,-1.0373,0.02,1.0373,3166
698681.4126,7460941.987,-1.0542,0.02,1.0542,3167
698705.6503,7460935.948,-1.0775,0.02,1.0775,3168
698709.0401,7460923.741,-1.0843,0.02,1.0843,3169
698689.3251,7460926.474,-1.0669,0.02,1.0669,3170
698694.8811,7460914.133,-1.0759,0.02,1.0759,3171
698712.4298,7460911.533,-1.0909,0.02,1.0909,3172
698700.4371,7460901.792,-1.0849,0.02,1.0849,3173
698715.8007,7460900.139,-1.0974,0.02,1.0974,3174
698719.1715,7460888.744,-1.1044,0.02,1.1044,3175
698705.9209,7460891.115,-1.0937,0.02,1.0937,3176
698711.4049,7460880.438,-1.1022,0.02,1.1022,3177
698652,7460949,-1.0086,0.02,1.0086,3178
698662.5,7460933,-1.0344,0.02,1.0344,3179
698633.5,7460936,-0.9937,0.02,0.9937,3180
698646,7460921,-1.0231,0.02,1.0231,3181
698615,7460923,-0.9853,0.02,0.9853,3182
698598,7460905.5,-0.9918,0.02,0.9918,3183
698629.5,7460909,-1.0172,0.02,1.0172,3184
698615.25,7460893.25,-1.0238,0.02,1.0238,3185
698581,7460888,-1.0067,0.02,1.0067,3186
698601,7460877.5,-1.0364,0.02,1.0364,3187
698586.5,7460862,-1.0541,0.02,1.0541,3188
698592,7460836,-1.0918,0.02,1.0918,3189
698602,7460855,-1.0704,0.02,1.0704,3190
698603,7460832.5,-1.0974,0.02,1.0974,3191
698673,7460917,-1.0556,0.02,1.0556,3192
698680.7222,7460904.525,-1.0683,0.02,1.0683,3193
698658.5,7460906,-1.0473,0.02,1.0473,3194
698668.8611,7460893.763,-1.0647,0.02,1.0647,3195
698688.4443,7460892.05,-1.0804,0.02,1.0804,3196
698679.2222,7460881.525,-1.0792,0.02,1.0792,3197
698696.0413,7460882.091,-1.0907,0.02,1.0907,3198
698703.6382,7460872.131,-1.1004,0.02,1.1004,3199
698686.0896,7460873.218,-1.0882,0.02,1.0882,3200
698692.9571,7460864.912,-1.0967,0.02,1.0967,3201
698644,7460895,-1.0443,0.02,1.0443,3202
698632.5,7460881,-1.0506,0.02,1.0506,3203
698657,7460883,-1.0641,0.02,1.0641,3204
698646.75,7460870.25,-1.0693,0.02,1.0693,3205
698621,7460867,-1.061,0.02,1.061,3206
698617.5,7460848,-1.0832,0.02,1.0832,3207
698636.5,7460857.5,-1.0778,0.02,1.0778,3208
698614,7460829,-1.1025,0.02,1.1025,3209
698631.5,7460841.25,-1.0927,0.02,1.0927,3210
698626.5,7460825,-1.1078,0.02,1.1078,3211
698670,7460871,-1.0801,0.02,1.0801,3212
698661,7460859.5,-1.0843,0.02,1.0843,3213
698676.138,7460864.346,-1.0868,0.02,1.0868,3214
698682.276,7460857.692,-1.0936,0.02,1.0936,3215
698669.5088,7460854.121,-1.0907,0.02,1.0907,3216
698678.0177,7460848.742,-1.0963,0.02,1.0963,3217
698652,7460848,-1.0909,0.02,1.0909,3218
698662.8797,7460843.896,-1.0965,0.02,1.0965,3219
698645.5,7460834.5,-1.1012,0.02,1.1012,3220
698639,7460821,-1.1125,0.02,1.1125,3221
698657.3264,7460830.782,-1.1058,0.02,1.1058,3222
698651.7732,7460817.669,-1.116,0.02,1.116,3223
698673.7593,7460839.791,-0.7,0.02,0.7,3224
698669.1529,7460827.064,-0.7,0.02,0.7,3225
698664.5464,7460814.337,-0.7,0.02,0.7,3226
698685.9349,7460821.296,-0.7,0.02,0.7,3227
698682.262,7460810.629,-0.7,0.02,0.7,3228
698689.6077,7460831.965,-0.7,0.02,0.7,3229
698702.7169,7460815.529,-0.7,0.02,0.7,3230
698699.9776,7460806.92,-0.7,0.02,0.7,3231
698705.4561,7460824.138,-0.7,0.02,0.7,3232
698728.5872,7460809.842,-0.7,0.02,0.7,3233
698726.4888,7460800.46,-0.7,0.02,0.7,3234
698730.6857,7460819.225,-0.7,0.02,0.7,3235
698754.4576,7460804.156,-0.7,0.02,0.7,3236
698753,7460794,-0.7,0.02,0.7,3237
698755.9152,7460814.311,-0.7,0.02,0.7,3238
698775.0833,7460799.943,-0.7,0.02,0.7,3239
698776.6667,7460809.386,-0.7,0.02,0.7,3240
698773.5,7460790.5,-0.7,0.02,0.7,3241
698795.7091,7460795.73,-0.7,0.02,0.7,3242
698794,7460787,-0.7,0.02,0.7,3243
698797.4181,7460804.46,-0.7,0.02,0.7,3244
698811.0693,7460792.729,-0.7,0.02,0.7,3245
698809.5,7460783.5,-0.7,0.02,0.7,3246
698812.6387,7460801.959,-0.7,0.02,0.7,3247
698898.5,7460742.75,-0.7,0.02,0.7,3248
698907,7460743,-0.7,0.02,0.7,3249
698905.5,7460734,-0.7,0.02,0.7,3250
698890,7460742.5,-0.7,0.02,0.7,3251
698909,7460735,-0.7,0.02,0.7,3252
698902,7460733,-0.7,0.02,0.7,3253
698900.8235,7460806.653,-0.7,0.02,0.7,3254
698897.5,7460808,-0.7,0.02,0.7,3255
698906,7460813.5,-0.7,0.02,0.7,3256
698904.1471,7460805.306,-0.7,0.02,0.7,3257
698904,7460815,-0.7,0.02,0.7,3258
698908,7460812,-0.7,0.02,0.7,3259
698826.4297,7460789.729,-0.7,0.02,0.7,3260
698825,7460780,-0.7,0.02,0.7,3261
698827.8593,7460799.457,-0.7,0.02,0.7,3262
698845.8417,7460786.183,-0.7,0.02,0.7,3263
698844.5,7460775.5,-0.7,0.02,0.7,3264
698847.1835,7460796.866,-0.7,0.02,0.7,3265
698891.5,7460751.5,-0.7,0.02,0.7,3266
698905,7460751,-0.7,0.02,0.7,3267
698878,7460752,-0.7,0.02,0.7,3268
698887.25,7460759.5,-0.7,0.02,0.7,3269
698903.5,7460757.5,-0.7,0.02,0.7,3270
698871,7460761.5,-0.7,0.02,0.7,3271
698895.6471,7460799.806,-0.7,0.02,0.7,3272
698891,7460801,-0.7,0.02,0.7,3273
698900.2941,7460798.611,-0.7,0.02,0.7,3274
698890.5275,7460795.456,-0.7,0.02,0.7,3275
698878.7539,7460797.638,-0.7,0.02,0.7,3276
698902.3012,7460793.275,-0.7,0.02,0.7,3277
698866.5077,7460794.275,-0.7,0.02,0.7,3278
698864,7460771,-0.7,0.02,0.7,3279
698885.408,7460791.107,-0.7,0.02,0.7,3280
698883,7460767.5,-0.7,0.02,0.7,3281
698865.2539,7460782.638,-0.7,0.02,0.7,3282
698884.204,7460779.304,-0.7,0.02,0.7,3283
698902,7460764,-0.7,0.02,0.7,3284
698904.3083,7460787.939,-0.7,0.02,0.7,3285
698903.1542,7460775.97,-0.7,0.02,0.7,3286
698916.379,7460773.718,-0.7,0.02,0.7,3287
698914.5,7460763.5,-0.7,0.02,0.7,3288
698918.258,7460783.937,-0.7,0.02,0.7,3289
698929.6038,7460771.468,-0.7,0.02,0.7,3290
698927,7460763,-0.7,0.02,0.7,3291
698932.2076,7460779.935,-0.7,0.02,0.7,3292
698945.7987,7460767.633,-0.7,0.02,0.7,3293
698943.5,7460759,-0.7,0.02,0.7,3294
698948.0973,7460776.267,-0.7,0.02,0.7,3295
698961.9935,7460763.799,-0.7,0.02,0.7,3296
698960,7460755,-0.7,0.02,0.7,3297
698963.987,7460772.598,-0.7,0.02,0.7,3298
698980.6091,7460760.131,-0.7,0.02,0.7,3299
698982.2183,7460769.263,-0.7,0.02,0.7,3300
698979,7460751,-0.7,0.02,0.7,3301
698999.2248,7460756.464,-0.7,0.02,0.7,3302
698998,7460747,-0.7,0.02,0.7,3303
699000.4495,7460765.928,-0.7,0.02,0.7,3304
699020.0949,7460751.879,-0.7,0.02,0.7,3305
699021.1897,7460760.759,-0.7,0.02,0.7,3306
699019,7460743,-0.7,0.02,0.7,3307
699040.965,7460747.295,-0.7,0.02,0.7,3308
699040,7460739,-0.7,0.02,0.7,3309
699041.9299,7460755.589,-0.7,0.02,0.7,3310
699061.2469,7460741.652,-0.7,0.02,0.7,3311
699062.9938,7460749.804,-0.7,0.02,0.7,3312
699059.5,7460733.5,-0.7,0.02,0.7,3313
699081.5289,7460736.01,-0.7,0.02,0.7,3314
699079,7460728,-0.7,0.02,0.7,3315
699084.0577,7460744.019,-0.7,0.02,0.7,3316
699096.5415,7460717.941,-0.7,0.02,0.7,3317
699100.5831,7460723.881,-0.7,0.02,0.7,3318
699092.5,7460712,-0.7,0.02,0.7,3319
699111.5542,7460699.872,-0.7,0.02,0.7,3320
699106,7460696,-0.7,0.02,0.7,3321
699117.1084,7460703.743,-0.7,0.02,0.7,3322
699120.731,7460681.328,-0.7,0.02,0.7,3323
699125.9621,7460685.157,-0.7,0.02,0.7,3324
699115.5,7460677.5,-0.7,0.02,0.7,3325
699129.9079,7460662.785,-0.7,0.02,0.7,3326
699134.8157,7460666.57,-0.7,0.02,0.7,3327
699125,7460659,-0.7,0.02,0.7,3328
699140.9756,7460642.75,-0.7,0.02,0.7,3329
699145.6876,7460646.394,-0.7,0.02,0.7,3330
699136.2637,7460639.107,-0.7,0.02,0.7,3331
699152.0434,7460622.715,-0.7,0.02,0.7,3332
699156.5594,7460626.217,-0.7,0.02,0.7,3333
699147.5274,7460619.213,-0.7,0.02,0.7,3334
699161.3375,7460610.986,-0.7,0.02,0.7,3335
699164.9113,7460615.365,-0.7,0.02,0.7,3336
699157.7637,7460606.607,-0.7,0.02,0.7,3337
699170.6316,7460599.257,-0.7,0.02,0.7,3338
699173.2632,7460604.513,-0.7,0.02,0.7,3339
699168,7460594,-0.7,0.02,0.7,3340
699191.726,7460591.365,-0.7,0.02,0.7,3341
699193.1896,7460596.279,-0.7,0.02,0.7,3342
699190.2625,7460586.452,-0.7,0.02,0.7,3343
699212.8205,7460583.474,-0.7,0.02,0.7,3344
699212.525,7460578.903,-0.7,0.02,0.7,3345
699213.116,7460588.044,-0.7,0.02,0.7,3346
699239.9049,7460585.051,-0.7,0.02,0.7,3347
699239.7103,7460589.211,-0.7,0.02,0.7,3348
699240.0997,7460580.891,-0.7,0.02,0.7,3349
699266.9894,7460586.628,-0.7,0.02,0.7,3350
699267.6743,7460582.878,-0.7,0.02,0.7,3351
699266.3045,7460590.378,-0.7,0.02,0.7,3352
699287.7745,7460588.409,-0.7,0.02,0.7,3353
699287.212,7460592.88,-0.7,0.02,0.7,3354
699288.3372,7460583.939,-0.7,0.02,0.7,3355
699308.5597,7460590.191,-0.7,0.02,0.7,3356
699309,7460585,-0.7,0.02,0.7,3357
699308.1194,7460595.381,-0.7,0.02,0.7,3358
699331.2941,7460590.819,-0.7,0.02,0.7,3359
699330.5882,7460596.638,-0.7,0.02,0.7,3360
699332,7460585,-0.7,0.02,0.7,3361
699354.0285,7460591.448,-0.7,0.02,0.7,3362
699355,7460585,-0.7,0.02,0.7,3363
699353.057,7460597.895,-0.7,0.02,0.7,3364
699376.0452,7460592.967,-0.7,0.02,0.7,3365
699375.0905,7460599.434,-0.7,0.02,0.7,3366
699377,7460586.5,-0.7,0.02,0.7,3367
699398.062,7460594.487,-0.7,0.02,0.7,3368
699399,7460588,-0.7,0.02,0.7,3369
699397.124,7460600.973,-0.7,0.02,0.7,3370
699422.7507,7460595.365,-0.7,0.02,0.7,3371
699422.0014,7460601.23,-0.7,0.02,0.7,3372
699423.5,7460589.5,-0.7,0.02,0.7,3373
699447.4394,7460596.243,-0.7,0.02,0.7,3374
699448,7460591,-0.7,0.02,0.7,3375
699446.8787,7460601.486,-0.7,0.02,0.7,3376
699474.7106,7460596.91,-0.7,0.02,0.7,3377
699474.4212,7460601.82,-0.7,0.02,0.7,3378
699475,7460592,-0.7,0.02,0.7,3379
699501.9818,7460597.577,-0.7,0.02,0.7,3380
699502,7460593,-0.7,0.02,0.7,3381
699501.9636,7460602.153,-0.7,0.02,0.7,3382
699533.2033,7460598.994,-0.7,0.02,0.7,3383
699532.9066,7460603.487,-0.7,0.02,0.7,3384
699533.5,7460594.5,-0.7,0.02,0.7,3385
699564.4248,7460600.411,-0.7,0.02,0.7,3386
699565,7460596,-0.7,0.02,0.7,3387
699563.8496,7460604.821,-0.7,0.02,0.7,3388
699589.9191,7460602.135,-0.7,0.02,0.7,3389
699589.3382,7460606.27,-0.7,0.02,0.7,3390
699590.5,7460598,-0.7,0.02,0.7,3391
699615.4134,7460603.859,-0.7,0.02,0.7,3392
699616,7460600,-0.7,0.02,0.7,3393
699614.8268,7460607.718,-0.7,0.02,0.7,3394
699643.5688,7460605.622,-0.7,0.02,0.7,3395
699643.3634,7460609.605,-0.7,0.02,0.7,3396
699643.7743,7460601.64,-0.7,0.02,0.7,3397
699671.7242,7460607.385,-0.7,0.02,0.7,3398
699671.5485,7460603.279,-0.7,0.02,0.7,3399
699671.8999,7460611.491,-0.7,0.02,0.7,3400
699697.8833,7460608.232,-0.7,0.02,0.7,3401
699697.9924,7460612.825,-0.7,0.02,0.7,3402
699697.7743,7460603.64,-0.7,0.02,0.7,3403
699724.0425,7460609.08,-0.7,0.02,0.7,3404
699724,7460604,-0.7,0.02,0.7,3405
699724.0849,7460614.159,-0.7,0.02,0.7,3406
699749.4095,7460612.042,-0.7,0.02,0.7,3407
699749.319,7460617.084,-0.7,0.02,0.7,3408
699749.5,7460607,-0.7,0.02,0.7,3409
699774.7766,7460615.004,-0.7,0.02,0.7,3410
699775,7460610,-0.7,0.02,0.7,3411
699774.5531,7460620.008,-0.7,0.02,0.7,3412
699800.1419,7460617.417,-0.7,0.02,0.7,3413
699799.7838,7460622.334,-0.7,0.02,0.7,3414
699800.5,7460612.5,-0.7,0.02,0.7,3415
699825.5072,7460619.83,-0.7,0.02,0.7,3416
699826,7460615,-0.7,0.02,0.7,3417
699825.0144,7460624.659,-0.7,0.02,0.7,3418
699857.2928,7460626.265,-0.7,0.02,0.7,3419
699856.0856,7460631.029,-0.7,0.02,0.7,3420
699858.5,7460621.5,-0.7,0.02,0.7,3421
699889.0784,7460632.7,-0.7,0.02,0.7,3422
699891,7460628,-0.7,0.02,0.7,3423
699887.1568,7460637.399,-0.7,0.02,0.7,3424
699923.2872,7460639.401,-0.7,0.02,0.7,3425
699921.5745,7460644.302,-0.7,0.02,0.7,3426
699925,7460634.5,-0.7,0.02,0.7,3427
699957.4961,7460646.102,-0.7,0.02,0.7,3428
699959,7460641,-0.7,0.02,0.7,3429
699955.9922,7460651.204,-0.7,0.02,0.7,3430
699986.8023,7460651.41,-0.7,0.02,0.7,3431
699985.1046,7460656.82,-0.7,0.02,0.7,3432
699988.5,7460646,-0.7,0.02,0.7,3433
700016.1085,7460656.718,-0.7,0.02,0.7,3434
700018,7460651,-0.7,0.02,0.7,3435
700014.2169,7460662.436,-0.7,0.02,0.7,3436
700044.2649,7460667.327,-0.7,0.02,0.7,3437
700042.5298,7460672.655,-0.7,0.02,0.7,3438
700046,7460662,-0.7,0.02,0.7,3439
700072.4213,7460677.937,-0.7,0.02,0.7,3440
700074,7460673,-0.7,0.02,0.7,3441
700070.8426,7460682.873,-0.7,0.02,0.7,3442
700085.8903,7460681.116,-0.7,0.02,0.7,3443
700085.2807,7460686.233,-0.7,0.02,0.7,3444
700086.5,7460676,-0.7,0.02,0.7,3445
700099.3594,7460684.296,-0.7,0.02,0.7,3446
700099,7460679,-0.7,0.02,0.7,3447
700099.7187,7460689.592,-0.7,0.02,0.7,3448
700109.862,7460680.757,-0.7,0.02,0.7,3449
700111.3955,7460685.016,-0.7,0.02,0.7,3450
700108.3285,7460676.499,-0.7,0.02,0.7,3451
700120.3647,7460677.219,-0.7,0.02,0.7,3452
700123.0723,7460680.439,-0.7,0.02,0.7,3453
700117.657,7460673.998,-0.7,0.02,0.7,3454
700133.4801,7460652.915,-0.7,0.02,0.7,3455
700138.1317,7460655.331,-0.7,0.02,0.7,3456
700128.8285,7460650.499,-0.7,0.02,0.7,3457
700146.5955,7460628.611,-0.7,0.02,0.7,3458
700153.191,7460630.222,-0.7,0.02,0.7,3459
700140,7460627,-0.7,0.02,0.7,3460
700168.7868,7460598.912,-0.7,0.02,0.7,3461
700175.0736,7460601.325,-0.7,0.02,0.7,3462
700162.5,7460596.5,-0.7,0.02,0.7,3463
700190.9781,7460569.214,-0.7,0.02,0.7,3464
700196.9561,7460572.428,-0.7,0.02,0.7,3465
700185,7460566,-0.7,0.02,0.7,3466
700210.1782,7460541.254,-0.7,0.02,0.7,3467
700216.3564,7460544.008,-0.7,0.02,0.7,3468
700204,7460538.5,-0.7,0.02,0.7,3469
700229.3784,7460513.294,-0.7,0.02,0.7,3470
700235.7567,7460515.587,-0.7,0.02,0.7,3471
700223,7460511,-0.7,0.02,0.7,3472
700246.2831,7460487.545,-0.7,0.02,0.7,3473
700252.5662,7460491.091,-0.7,0.02,0.7,3474
700240,7460484,-0.7,0.02,0.7,3475
701166.9114,7460145.417,0.8,0.02,-0.8,3476
701151.3006,7460155.447,0.8,0.02,-0.8,3477
701174.919,7460156.58,0.8,0.02,-0.8,3478
701182.5222,7460135.388,0.8,0.02,-0.8,3479
701156.3155,7460168.874,0.8,0.02,-0.8,3480
701193.5225,7460144.285,0.8,0.02,-0.8,3481
700263.1879,7460461.797,-0.7,0.02,0.7,3482
700269.3757,7460466.594,-0.7,0.02,0.7,3483
700257,7460457,-0.7,0.02,0.7,3484
700278.5824,7460439.883,-0.7,0.02,0.7,3485
700284.6648,7460444.267,-0.7,0.02,0.7,3486
700272.5,7460435.5,-0.7,0.02,0.7,3487
701376.4021,7459733.019,0.8,0.02,-0.8,3488
701376.5793,7459737.185,0.8,0.02,-0.8,3489
701378.4711,7459732.975,0.8,0.02,-0.8,3490
701376.2249,7459728.853,0.8,0.02,-0.8,3491
701378.7403,7459737.626,0.8,0.02,-0.8,3492
701378.2019,7459728.323,0.8,0.02,-0.8,3493
701158.9038,7460134.255,0.8,0.02,-0.8,3494
701146.2857,7460142.02,0.8,0.02,-0.8,3495
701171.5218,7460126.49,0.8,0.02,-0.8,3496
701151.2151,7460123.71,0.8,0.02,-0.8,3497
701140.4033,7460130.418,0.8,0.02,-0.8,3498
701162.0269,7460117.003,0.8,0.02,-0.8,3499
700947.1346,7460230.845,0.8,0.02,-0.8,3500
700935.337,7460233.314,0.8,0.02,-0.8,3501
700949.6038,7460242.368,0.8,0.02,-0.8,3502
700958.9321,7460228.376,0.8,0.02,-0.8,3503
700934.7883,7460245.386,0.8,0.02,-0.8,3504
700964.4193,7460239.35,0.8,0.02,-0.8,3505
700293.977,7460417.97,-0.7,0.02,0.7,3506
700299.9539,7460421.939,-0.7,0.02,0.7,3507
700288,7460414,-0.7,0.02,0.7,3508
700313.1965,7460394.18,-0.7,0.02,0.7,3509
700319.393,7460398.86,-0.7,0.02,0.7,3510
700307,7460389.5,-0.7,0.02,0.7,3511
701374.3331,7459733.063,0.8,0.02,-0.8,3512
701374.4182,7459736.744,0.8,0.02,-0.8,3513
701374.2479,7459729.382,0.8,0.02,-0.8,3514
701372.49,7459732.988,0.8,0.02,-0.8,3515
701372.5679,7459736.452,0.8,0.02,-0.8,3516
701372.4121,7459729.523,0.8,0.02,-0.8,3517
701143.5264,7460113.166,0.8,0.02,-0.8,3518
701134.5208,7460118.816,0.8,0.02,-0.8,3519
701152.5319,7460107.515,0.8,0.02,-0.8,3520
701137.2238,7460102.996,0.8,0.02,-0.8,3521
701128.979,7460107.659,0.8,0.02,-0.8,3522
701145.4687,7460098.333,0.8,0.02,-0.8,3523
700944.6653,7460219.322,0.8,0.02,-0.8,3524
700935.8857,7460221.242,0.8,0.02,-0.8,3525
700953.4449,7460217.401,0.8,0.02,-0.8,3526
700942.0831,7460207.068,0.8,0.02,-0.8,3527
700934.4036,7460208.76,0.8,0.02,-0.8,3528
700949.7626,7460205.377,0.8,0.02,-0.8,3529
700332.416,7460370.39,-0.7,0.02,0.7,3530
700338.832,7460375.78,-0.7,0.02,0.7,3531
700326,7460365,-0.7,0.02,0.7,3532
700350.0111,7460347.137,-0.7,0.02,0.7,3533
700357.0223,7460352.773,-0.7,0.02,0.7,3534
700343,7460341.5,-0.7,0.02,0.7,3535
701370.6469,7459732.912,0.8,0.02,-0.8,3536
701370.7175,7459736.16,0.8,0.02,-0.8,3537
701370.5763,7459729.664,0.8,0.02,-0.8,3538
701368.7228,7459732.912,0.8,0.02,-0.8,3539
701368.7405,7459736.019,0.8,0.02,-0.8,3540
701368.7052,7459729.806,0.8,0.02,-0.8,3541
701130.9213,7460092.826,0.8,0.02,-0.8,3542
701123.4371,7460096.501,0.8,0.02,-0.8,3543
701138.4055,7460089.151,0.8,0.02,-0.8,3544
701124.6626,7460080.791,0.8,0.02,-0.8,3545
701117.4531,7460084.086,0.8,0.02,-0.8,3546
701131.8721,7460077.497,0.8,0.02,-0.8,3547
700939.5009,7460194.815,0.8,0.02,-0.8,3548
700932.9215,7460196.277,0.8,0.02,-0.8,3549
700946.0803,7460193.353,0.8,0.02,-0.8,3550
700937.1616,7460183.118,0.8,0.02,-0.8,3551
700930.436,7460184.727,0.8,0.02,-0.8,3552
700943.8872,7460181.51,0.8,0.02,-0.8,3553
700367.6063,7460323.883,-0.7,0.02,0.7,3554
700375.2125,7460329.766,-0.7,0.02,0.7,3555
700360,7460318,-0.7,0.02,0.7,3556
700387.2191,7460298.567,-0.7,0.02,0.7,3557
700394.9383,7460304.634,-0.7,0.02,0.7,3558
700379.5,7460292.5,-0.7,0.02,0.7,3559
701366.7988,7459732.913,0.8,0.02,-0.8,3560
701366.7635,7459735.878,0.8,0.02,-0.8,3561
701366.8341,7459729.947,0.8,0.02,-0.8,3562
701365.1572,7459732.895,0.8,0.02,-0.8,3563
701365.1749,7459735.808,0.8,0.02,-0.8,3564
701365.1395,7459729.982,0.8,0.02,-0.8,3565
701118.4039,7460068.757,0.8,0.02,-0.8,3566
701111.4691,7460071.671,0.8,0.02,-0.8,3567
701125.3387,7460065.842,0.8,0.02,-0.8,3568
701111.8407,7460056.719,0.8,0.02,-0.8,3569
701105.0692,7460058.91,0.8,0.02,-0.8,3570
701118.6122,7460054.528,0.8,0.02,-0.8,3571
700934.8223,7460171.422,0.8,0.02,-0.8,3572
700927.9504,7460173.176,0.8,0.02,-0.8,3573
700941.6941,7460169.667,0.8,0.02,-0.8,3574
700931.9017,7460154.558,0.8,0.02,-0.8,3575
700925.3066,7460156.507,0.8,0.02,-0.8,3576
700938.4968,7460152.61,0.8,0.02,-0.8,3577
700406.832,7460273.251,-0.7,0.02,0.7,3578
700414.664,7460279.501,-0.7,0.02,0.7,3579
700399,7460267,-0.7,0.02,0.7,3580
700426.8869,7460250.359,-0.7,0.02,0.7,3581
700435.2738,7460257.717,-0.7,0.02,0.7,3582
700418.5,7460243,-0.7,0.02,0.7,3583
701363.5156,7459732.877,0.8,0.02,-0.8,3584
701363.5862,7459735.737,0.8,0.02,-0.8,3585
701363.4449,7459730.017,0.8,0.02,-0.8,3586
701361.9798,7459732.948,0.8,0.02,-0.8,3587
701362.0681,7459735.772,0.8,0.02,-0.8,3588
701361.8916,7459730.123,0.8,0.02,-0.8,3589
701105.2775,7460044.682,0.8,0.02,-0.8,3590
701098.6693,7460046.149,0.8,0.02,-0.8,3591
701111.8857,7460043.214,0.8,0.02,-0.8,3592
701101.5311,7460032.597,0.8,0.02,-0.8,3593
701094.4958,7460033.686,0.8,0.02,-0.8,3594
701108.5664,7460031.508,0.8,0.02,-0.8,3595
700928.9811,7460137.695,0.8,0.02,-0.8,3596
700922.6627,7460139.837,0.8,0.02,-0.8,3597
700935.2995,7460135.553,0.8,0.02,-0.8,3598
700925.4527,7460122.011,0.8,0.02,-0.8,3599
700918.3847,7460123.189,0.8,0.02,-0.8,3600
700932.5207,7460120.833,0.8,0.02,-0.8,3601
700446.9418,7460227.467,-0.7,0.02,0.7,3602
700455.8835,7460235.933,-0.7,0.02,0.7,3603
700438,7460219,-0.7,0.02,0.7,3604
700465.2092,7460201.396,-0.7,0.02,0.7,3605
700472.9185,7460208.292,-0.7,0.02,0.7,3606
700457.5,7460194.5,-0.7,0.02,0.7,3607
701360.4441,7459733.018,0.8,0.02,-0.8,3608
701360.55,7459735.807,0.8,0.02,-0.8,3609
701360.3382,7459730.229,0.8,0.02,-0.8,3610
701358.6789,7459733.053,0.8,0.02,-0.8,3611
701358.7496,7459735.737,0.8,0.02,-0.8,3612
701358.6084,7459730.371,0.8,0.02,-0.8,3613
701097.7847,7460020.512,0.8,0.02,-0.8,3614
701090.3222,7460021.223,0.8,0.02,-0.8,3615
701105.2471,7460019.801,0.8,0.02,-0.8,3616
701096.3633,7460010.354,0.8,0.02,-0.8,3617
701085.3473,7460010.621,0.8,0.02,-0.8,3618
701107.3793,7460010.087,0.8,0.02,-0.8,3619
700921.9243,7460106.327,0.8,0.02,-0.8,3620
700914.1066,7460106.541,0.8,0.02,-0.8,3621
700929.7419,7460106.113,0.8,0.02,-0.8,3622
700918.9792,7460090.799,0.8,0.02,-0.8,3623
700906.6103,7460090.478,0.8,0.02,-0.8,3624
700931.3483,7460091.12,0.8,0.02,-0.8,3625
700756.2323,7460086.364,-1.0394,0.02,1.0394,3626
700483.4768,7460175.326,-0.7,0.02,0.7,3627
700489.9535,7460180.651,-0.7,0.02,0.7,3628
700477,7460170,-0.7,0.02,0.7,3629
700496.9438,7460161.535,-0.7,0.02,0.7,3630
700502.6912,7460165.984,-0.7,0.02,0.7,3631
700491.1965,7460157.088,-0.7,0.02,0.7,3632
701356.9138,7459733.089,0.8,0.02,-0.8,3633
701356.9491,7459735.666,0.8,0.02,-0.8,3634
701354.5505,7459735.655,0.8,0.02,-0.8,3635
701356.8785,7459730.512,0.8,0.02,-0.8,3636
701354.5152,7459733.078,0.8,0.02,-0.8,3637
701354.2876,7459730.88,0.8,0.02,-0.8,3638
701094.9419,7460000.196,0.8,0.02,-0.8,3639
701080.3723,7460000.018,0.8,0.02,-0.8,3640
701109.5114,7460000.373,0.8,0.02,-0.8,3641
701094.7021,7459990.358,0.8,0.02,-0.8,3642
701076.053,7459989.715,0.8,0.02,-0.8,3643
701113.3514,7459991.001,0.8,0.02,-0.8,3644
700767.0053,7460079.487,-1.0375,0.02,1.0375,3645
700769.6966,7460087.842,-1.0584,0.02,1.0584,3646
700782.2886,7460074.329,-1.0544,0.02,1.0544,3647
700780.6905,7460085.133,-1.0667,0.02,1.0667,3648
700797.5719,7460069.171,-1.0797,0.02,1.0797,3649
700791.6843,7460082.423,-1.0783,0.02,1.0783,3650
700916.0343,7460075.271,0.8,0.02,-0.8,3651
700899.1139,7460074.414,0.8,0.02,-0.8,3652
700932.9546,7460076.127,0.8,0.02,-0.8,3653
700916.3527,7460060.463,0.8,0.02,-0.8,3654
700894.3963,7460057.971,0.8,0.02,-0.8,3655
700938.3092,7460062.955,0.8,0.02,-0.8,3656
700783.8867,7460063.525,-1.0439,0.02,1.0439,3657
700779.4208,7460054.234,-1.0088,0.02,1.0088,3658
700764.3139,7460071.132,-1.0143,0.02,1.0143,3659
700760.0055,7460061.914,-0.9825,0.02,0.9825,3660
700753.5409,7460078.009,-1.0124,0.02,1.0124,3661
700747.027,7460067.937,-0.9695,0.02,0.9695,3662
700742.7679,7460084.886,-1.0183,0.02,1.0183,3663
700734.0485,7460073.96,-0.9648,0.02,0.9648,3664
700720.6411,7460081.536,-0.9749,0.02,0.9749,3665
700727.7827,7460091.982,-1.0293,0.02,1.0293,3666
700707.2338,7460089.111,-0.9958,0.02,0.9958,3667
700712.7974,7460099.077,-1.0516,0.02,1.0516,3668
700694.832,7460104.595,-1.0745,0.02,1.0745,3669
700510.4109,7460147.746,-0.7,0.02,0.7,3670
700515.4288,7460151.316,-0.7,0.02,0.7,3671
700505.393,7460144.175,-0.7,0.02,0.7,3672
700519.1138,7460135.245,-0.7,0.02,0.7,3673
700526.6122,7460137.715,-0.7,0.02,0.7,3674
700511.6154,7460132.776,-0.7,0.02,0.7,3675
701352.1519,7459735.645,0.8,0.02,-0.8,3676
701351.9244,7459733.447,0.8,0.02,-0.8,3677
701351.6968,7459731.248,0.8,0.02,-0.8,3678
701349.6592,7459733.874,0.8,0.02,-0.8,3679
701350.0917,7459736.097,0.8,0.02,-0.8,3680
701349.2268,7459731.651,0.8,0.02,-0.8,3681
701348.9317,7459746.959,-0.9748,0.02,0.9748,3682
701353.9826,7459752.602,-1.011,0.02,1.011,3683
701351.8884,7459742.317,-1.0069,0.02,1.0069,3684
701355.7452,7459748.085,-1.0327,0.02,1.0327,3685
701348.0315,7459736.549,0.8,0.02,-0.8,3686
701347.3941,7459734.302,0.8,0.02,-0.8,3687
701343.8809,7459741.316,-0.9372,0.02,0.9372,3688
701342.3622,7459737.247,-0.9278,0.02,0.9278,3689
701240.7416,7459971.851,-1.0523,0.02,1.0523,3690
701205.5398,7459989.76,-1.0477,0.02,1.0477,3691
701185.7255,7459985.818,-1.008,0.02,1.008,3692
701184.8743,7459999.729,-1.0838,0.02,1.0838,3693
701170.4724,7459982.392,-0.9672,0.02,0.9672,3694
701168.1983,7459995.419,-1.0514,0.02,1.0514,3695
701155.2194,7459978.967,-0.9191,0.02,0.9191,3696
701151.5222,7459991.109,-1.0087,0.02,1.0087,3697
701137.2906,7459974.422,-0.872,0.02,0.872,3698
701134.3567,7459986.369,-0.9732,0.02,0.9732,3699
701117.1913,7459981.629,0.8,0.02,-0.8,3700
701094.4625,7459980.521,0.8,0.02,-0.8,3701
701119.3619,7459969.878,-0.8356,0.02,0.8356,3702
701094.8258,7459967.99,-0.8203,0.02,0.8203,3703
701071.7336,7459979.412,0.8,0.02,-0.8,3704
701070.2897,7459966.103,-0.8032,0.02,0.8032,3705
701052.4142,7459969.613,-0.8389,0.02,0.8389,3706
701056.6853,7459982.472,-0.9674,0.02,0.9674,3707
700803.4595,7460055.918,-1.0895,0.02,1.0895,3708
700798.8361,7460046.554,-1.0023,0.02,1.0023,3709
700810.9375,7460041.444,-1.001,0.02,1.001,3710
700814.7004,7460050.499,-1.0721,0.02,1.0721,3711
700823.039,7460036.335,-0.9718,0.02,0.9718,3712
700825.9413,7460045.08,-1.0354,0.02,1.0354,3713
700843.6118,7460030.24,-0.9489,0.02,0.9489,3714
700846.7184,7460037.691,-0.9976,0.02,0.9976,3715
700864.1848,7460024.146,-0.9369,0.02,0.9369,3716
700867.4954,7460030.302,-0.9733,0.02,0.9733,3717
700878.3064,7460025.446,-0.9611,0.02,0.9611,3718
700878.5871,7460035.915,-1.011,0.02,1.011,3719
700946.2304,7460024.509,-1.0412,0.02,1.0412,3720
700950.5647,7460038.172,-1.0699,0.02,1.0699,3721
700889.6787,7460041.527,0.8,0.02,-0.8,3722
700943.6637,7460049.783,0.8,0.02,-0.8,3723
700892.428,7460026.746,-0.9837,0.02,0.9837,3724
700916.6712,7460045.655,0.8,0.02,-0.8,3725
700938.2056,7460029.777,-1.043,0.02,1.043,3726
700915.3168,7460028.261,-1.015,0.02,1.015,3727
700807.1746,7460032.389,-0.9178,0.02,0.9178,3728
700801.7299,7460020.848,-0.8055,0.02,0.8055,3729
700794.2126,7460037.189,-0.9103,0.02,0.9103,3730
700774.9549,7460044.942,-0.9128,0.02,0.9128,3731
700787.9168,7460025.004,-0.785,0.02,0.785,3732
700769.2146,7460032.019,-0.7762,0.02,0.7762,3733
700755.6971,7460052.696,-0.9259,0.02,0.9259,3734
700740.5131,7460057.865,-0.9196,0.02,0.9196,3735
700750.5123,7460039.035,-0.7767,0.02,0.7767,3736
700734.7728,7460043.465,-0.769,0.02,0.769,3737
700725.3291,7460063.034,-0.9011,0.02,0.9011,3738
700713.4996,7460071.09,-0.9125,0.02,0.9125,3739
700719.0332,7460047.896,-0.7663,0.02,0.7663,3740
700701.9517,7460056.926,-0.8101,0.02,0.8101,3741
700701.6701,7460079.145,-0.934,0.02,0.934,3742
700684.8702,7460065.956,-0.7605,0.02,0.7605,3743
700689.2684,7460094.629,-0.9993,0.02,0.9993,3744
700676.8667,7460110.114,-1.1066,0.02,1.1066,3745
700669.5695,7460086.833,-0.878,0.02,0.878,3746
700654.2687,7460107.71,-1.0977,0.02,1.0977,3747
700527.8167,7460122.745,-0.7,0.02,0.7,3748
700517.8378,7460121.376,-0.7,0.02,0.7,3749
700515.1583,7460100.873,-1.1975,0.02,1.1975,3750
700502.9189,7460103.188,-1.2728,0.02,1.2728,3751
700537.7955,7460124.114,-0.7,0.02,0.7,3752
700527.3978,7460098.557,-1.1154,0.02,1.1154,3753
700539.6794,7460095.64,-1.0154,0.02,1.0154,3754
700546.8589,7460120.281,-1.2674,0.02,1.2674,3755
700551.9611,7460092.724,-0.9068,0.02,0.9068,3756
700555.9222,7460116.447,-1.2345,0.02,1.2345,3757
700592.916,7460096.31,-0.8435,0.02,0.8435,3758
700586.2042,7460110.344,-1.1359,0.02,1.1359,3759
700572.4385,7460094.517,-0.8528,0.02,0.8528,3760
700571.0632,7460113.396,-1.187,0.02,1.187,3761
700608.9375,7460107.825,-1.1036,0.02,1.1036,3762
701345.9751,7459751.601,-0.9433,0.02,0.9433,3763
701352.22,7459757.119,-0.9896,0.02,0.9896,3764
701342.4993,7459756.081,-0.9083,0.02,0.9083,3765
701350.6335,7459762.121,-0.9695,0.02,0.9695,3766
701346.7567,7459732.054,0.8,0.02,-0.8,3767
701340.8435,7459733.179,-0.9107,0.02,0.9107,3768
701339.1686,7459726.691,-0.8897,0.02,0.8897,3769
701345.2924,7459725.944,-0.9461,0.02,0.9461,3770
701339.7302,7459746.083,-0.8953,0.02,0.8953,3771
701337.3302,7459740.193,-0.8802,0.02,0.8802,3772
701334.3651,7459750.042,-0.8447,0.02,0.8447,3773
701331.4151,7459744.097,-0.8242,0.02,0.8242,3774
701334.9302,7459734.303,-0.8581,0.02,0.8581,3775
701328.4651,7459738.152,-0.8029,0.02,0.8029,3776
701333.0448,7459727.438,-0.8336,0.02,0.8336,3777
701326.2929,7459730.135,-0.7744,0.02,0.7744,3778
701339.0235,7459760.562,-0.874,0.02,0.874,3779
701349.047,7459767.123,-0.9498,0.02,0.9498,3780
701334.7201,7459768.95,-0.83,0.02,0.83,3781
701346.9403,7459775.4,-0.9222,0.02,0.9222,3782
701244.5478,7459960.374,-1.0459,0.02,1.0459,3783
701255.278,7459963.911,-1.08,0.02,1.08,3784
701250.4195,7459948.401,-1.0514,0.02,1.0514,3785
701261.8249,7459952.212,-1.0922,0.02,1.0922,3786
701256.2913,7459936.43,-1.0504,0.02,1.0504,3787
701268.3718,7459940.513,-1.0777,0.02,1.0777,3788
701261.3002,7459921.028,-1.043,0.02,1.043,3789
701277.9048,7459907.881,-1.0325,0.02,1.0325,3790
701226.2053,7459979.791,-1.0409,0.02,1.0409,3791
701206.391,7459975.849,-0.9929,0.02,0.9929,3792
701230.0115,7459968.314,-1.0206,0.02,1.0206,3793
701209.4273,7459964.094,-0.9543,0.02,0.9543,3794
701233.8176,7459956.836,-1.0064,0.02,1.0064,3795
701212.4637,7459952.339,-0.9208,0.02,0.9208,3796
701239.0142,7459944.591,-0.9957,0.02,0.9957,3797
701216.797,7459939.033,-0.8793,0.02,0.8793,3798
701186.5767,7459971.907,-0.9338,0.02,0.9338,3799
701172.7466,7459969.366,-0.8873,0.02,0.8873,3800
701188.8433,7459959.875,-0.8757,0.02,0.8757,3801
701174.6056,7459957.259,-0.816,0.02,0.816,3802
701048.1432,7459956.753,-0.7081,0.02,0.7081,3803
701045.8068,7459945.481,-0.5645,0.02,0.5645,3804
701158.9165,7459966.824,-0.8358,0.02,0.8358,3805
701140.2245,7459962.475,-0.7722,0.02,0.7722,3806
701160.3679,7459954.643,-0.751,0.02,0.751,3807
701140.5476,7459950.345,-0.6716,0.02,0.6716,3808
701068.8458,7459952.793,-0.6732,0.02,0.6732,3809
701121.5325,7459958.126,-0.7333,0.02,0.7333,3810
701095.1892,7459955.46,-0.7047,0.02,0.7047,3811
701066.6027,7459941.368,-0.515,0.02,0.515,3812
701120.7273,7459946.047,-0.6193,0.02,0.6193,3813
701093.665,7459943.707,-0.572,0.02,0.572,3814
701034.5388,7459973.122,-0.8743,0.02,0.8743,3815
701041.637,7459985.531,-1.0042,0.02,1.0042,3816
701016.5579,7459975.967,-0.8666,0.02,0.8666,3817
701024.7507,7459988.928,-1.0192,0.02,1.0192,3818
700954.2554,7460019.242,-1.0427,0.02,1.0427,3819
700957.4656,7460026.56,-1.0579,0.02,1.0579,3820
700965.7183,7460007.479,-1.0458,0.02,1.0458,3821
700971.1771,7460013.506,-1.0616,0.02,1.0616,3822
700977.1813,7459995.716,-0.9914,0.02,0.9914,3823
700998.577,7459978.811,-0.8588,0.02,0.8588,3824
700984.8885,7460000.452,-1.057,0.02,1.057,3825
701007.8644,7459992.324,-1.0196,0.02,1.0196,3826
700987.8791,7459987.264,-0.9251,0.02,0.9251,3827
700996.3765,7459996.388,-1.0383,0.02,1.0383,3828
701027.4405,7459960.714,-0.7298,0.02,0.7298,3829
701008.365,7459963.006,-0.7139,0.02,0.7139,3830
701025.0109,7459949.594,-0.6082,0.02,0.6082,3831
701008.4959,7459951.62,-0.595,0.02,0.595,3832
700820.1366,7460027.589,-0.9059,0.02,0.9059,3833
700840.5054,7460022.789,-0.8981,0.02,0.8981,3834
700815.5431,7460016.693,-0.8192,0.02,0.8192,3835
700835.9865,7460011.064,-0.8148,0.02,0.8148,3836
700860.8742,7460017.989,-0.8988,0.02,0.8988,3837
700856.4301,7460005.436,-0.8204,0.02,0.8204,3838
700878.0258,7460014.977,-0.9109,0.02,0.9109,3839
700875.25,7460002.388,-0.8433,0.02,0.8433,3840
700951.0451,7460011.923,-1.0257,0.02,1.0257,3841
700960.2596,7460001.452,-1.0164,0.02,1.0164,3842
700941.8963,7460010.847,-1.0079,0.02,1.0079,3843
700946.3116,7460000.281,-0.9752,0.02,0.9752,3844
700895.1773,7460011.964,-0.9276,0.02,0.9276,3845
700932.7474,7460009.771,-0.9892,0.02,0.9892,3846
700894.0699,7459999.339,-0.8525,0.02,0.8525,3847
700913.9624,7460010.868,-0.958,0.02,0.958,3848
700932.3636,7459999.112,-0.934,0.02,0.934,3849
700913.2167,7459999.225,-0.8939,0.02,0.8939,3850
700831.4678,7459999.34,-0.7133,0.02,0.7133,3851
700810.9495,7460005.796,-0.7272,0.02,0.7272,3852
700796.2853,7460009.308,-0.6889,0.02,0.6889,3853
700819.9477,7459978.964,-0.4657,0.02,0.4657,3854
700793.2942,7459986.138,-0.4571,0.02,0.4571,3855
700502.5,7460079,-0.9462,0.02,0.9462,3856
700488,7460085,-1.1072,0.02,1.1072,3857
700487.9686,7460057.702,-0.7849,0.02,0.7849,3858
700467.5,7460065,-1.0132,0.02,1.0132,3859
700781.621,7460012.82,-0.6542,0.02,0.6542,3860
700745.3275,7460025.374,-0.6226,0.02,0.6226,3861
700763.4743,7460019.097,-0.6344,0.02,0.6344,3862
700766.6407,7459993.312,-0.4176,0.02,0.4176,3863
700729.0325,7460029.066,-0.5983,0.02,0.5983,3864
700718.1965,7460009.658,-0.3451,0.02,0.3451,3865
700742.4186,7460001.485,-0.3739,0.02,0.3739,3866
700668.0703,7460052.767,-0.5168,0.02,0.5168,3867
700712.7374,7460032.758,-0.5782,0.02,0.5782,3868
700631.6707,7460105.307,-1.0598,0.02,1.0598,3869
700690.4039,7460042.762,-0.5871,0.02,0.5871,3870
700645.4048,7460035.942,-0.2519,0.02,0.2519,3871
700649.8705,7460079.037,-0.7077,0.02,0.7077,3872
700701.9014,7460013.35,-0.3153,0.02,0.3153,3873
700615.6492,7460093.791,-0.8351,0.02,0.8351,3874
700673.6531,7460024.646,-0.3205,0.02,0.3205,3875
700630.527,7460064.866,-0.3838,0.02,0.3838,3876
700517,7460073,-0.7643,0.02,0.7643,3877
700548,7460069,-0.4733,0.02,0.4733,3878
700508.4373,7460050.405,-0.5107,0.02,0.5107,3879
700532.5,7460071,-0.6226,0.02,0.6226,3880
700573.8139,7460075.638,-0.4289,0.02,0.4289,3881
700559.5,7460046,-0.0868,0.02,0.0868,3882
700533.9686,7460048.202,-0.2884,0.02,0.2884,3883
700599.6277,7460082.276,-0.5514,0.02,0.5514,3884
700611.1835,7460050.696,-0.0662,0.02,0.0662,3885
700585.3139,7460052.638,0.111,0.02,-0.111,3886
701330.4168,7459777.338,-0.7877,0.02,0.7877,3887
701344.8336,7459783.676,-0.8955,0.02,0.8955,3888
701323.0039,7459787.469,-0.7218,0.02,0.7218,3889
701341.0078,7459793.438,-0.8656,0.02,0.8656,3890
701337.4938,7459720.203,-0.868,0.02,0.868,3891
701343.8281,7459719.834,-0.9279,0.02,0.9279,3892
701337.086,7459710.705,-0.8551,0.02,0.8551,3893
701343.9448,7459710.758,-0.9222,0.02,0.9222,3894
701329,7459754,-0.795,0.02,0.795,3895
701322.5,7459762.5,-0.7339,0.02,0.7339,3896
701325.5,7459748,-0.7693,0.02,0.7693,3897
701316.25,7459755.25,-0.6852,0.02,0.6852,3898
701331.1594,7459720.572,-0.8083,0.02,0.8083,3899
701324.1207,7459722.119,-0.7437,0.02,0.7437,3900
701330.2273,7459710.654,-0.788,0.02,0.788,3901
701322.0805,7459710.821,-0.7085,0.02,0.7085,3902
701322,7459742,-0.7426,0.02,0.7426,3903
701319.541,7459732.833,-0.7164,0.02,0.7164,3904
701310,7459748,-0.6343,0.02,0.6343,3905
701307.0205,7459737.916,-0.611,0.02,0.611,3906
701317.082,7459723.665,-0.6797,0.02,0.6797,3907
701313.9338,7459710.988,-0.6291,0.02,0.6291,3908
701304.041,7459727.833,-0.5654,0.02,0.5654,3909
701302.0854,7459716.257,-0.524,0.02,0.524,3910
701316,7459771,-0.6755,0.02,0.6755,3911
701305,7459781.5,-0.5835,0.02,0.5835,3912
701307,7459762.5,-0.6043,0.02,0.6043,3913
701294,7459771,-0.4961,0.02,0.4961,3914
701336.6783,7459701.208,-0.842,0.02,0.842,3915
701344.0615,7459701.681,-0.9166,0.02,0.9166,3916
701336.7642,7459692.334,-0.8343,0.02,0.8343,3917
701344.6944,7459694.321,-0.9177,0.02,0.9177,3918
701336.8502,7459683.46,-0.8277,0.02,0.8277,3919
701345.3272,7459686.96,-0.919,0.02,0.919,3920
701337.254,7459675.8,-0.8325,0.02,0.8325,3921
701343.9975,7459680.075,-0.9045,0.02,0.9045,3922
701337.6578,7459668.142,-0.8376,0.02,0.8376,3923
701342.6678,7459673.189,-0.892,0.02,0.892,3924
701244.2107,7459932.346,-0.9831,0.02,0.9831,3925
701221.1303,7459925.727,-0.8418,0.02,0.8418,3926
701249.2197,7459916.945,-0.9701,0.02,0.9701,3927
701226.1685,7459909.606,-0.8051,0.02,0.8051,3928
701315.591,7459797.6,-0.6965,0.02,0.6965,3929
701337.182,7459803.199,-0.8661,0.02,0.8661,3930
701304.5005,7459814.077,-0.7121,0.02,0.7121,3931
701328.001,7459822.654,-0.8782,0.02,0.8782,3932
701293.41,7459830.555,-0.7584,0.02,0.7584,3933
701318.8199,7459842.109,-0.9202,0.02,0.9202,3934
701275.8591,7459846.608,-0.8014,0.02,0.8014,3935
701303.1289,7459858.68,-0.9225,0.02,0.9225,3936
701254.2286,7459901.544,-0.9671,0.02,0.9671,3937
701287.4378,7459875.25,-0.9445,0.02,0.9445,3938
701258.3084,7459862.662,-0.8211,0.02,0.8211,3939
701231.2067,7459893.486,-0.7786,0.02,0.7786,3940
701270.8332,7459888.397,-0.9731,0.02,0.9731,3941
701244.7575,7459878.074,-0.8084,0.02,0.8084,3942
701191.1099,7459947.842,-0.8194,0.02,0.8194,3943
701176.4646,7459945.152,-0.7432,0.02,0.7432,3944
701194.5798,7459933.475,-0.7467,0.02,0.7467,3945
701180.0028,7459930.347,-0.6546,0.02,0.6546,3946
701198.0498,7459919.108,-0.6805,0.02,0.6805,3947
701203.1173,7459902.268,-0.618,0.02,0.618,3948
701183.5411,7459915.542,-0.5729,0.02,0.5729,3949
701186.7837,7459897.748,-0.4765,0.02,0.4765,3950
701161.8193,7459942.462,-0.6618,0.02,0.6618,3951
701140.8707,7459938.215,-0.5563,0.02,0.5563,3952
701165.4258,7459927.219,-0.5566,0.02,0.5566,3953
701142.7805,7459922.248,-0.4079,0.02,0.4079,3954
701008.6268,7459940.233,-0.4263,0.02,0.4263,3955
701022.5812,7459938.474,-0.4169,0.02,0.4169,3956
701043.4704,7459934.208,-0.3704,0.02,0.3704,3957
701012.7115,7459927.579,-0.2291,0.02,0.2291,3958
701037.7526,7459919.527,-0.1045,0.02,0.1045,3959
701064.3596,7459929.942,-0.336,0.02,0.336,3960
701119.922,7459933.968,-0.4835,0.02,0.4835,3961
701092.1408,7459931.955,-0.4141,0.02,0.4141,3962
701062.7936,7459911.474,-0.0451,0.02,0.0451,3963
701120.1352,7459917.276,-0.2972,0.02,0.2972,3964
701091.4644,7459914.375,-0.1775,0.02,0.1775,3965
700989.2895,7459965.298,-0.698,0.02,0.698,3966
700969.474,7459990.98,-0.9257,0.02,0.9257,3967
700994.6724,7459941.991,-0.4323,0.02,0.4323,3968
700950.7269,7459989.716,-0.8735,0.02,0.8735,3969
700979.3818,7459978.139,-0.8118,0.02,0.8118,3970
700991.981,7459953.645,-0.5816,0.02,0.5816,3971
700970.4267,7459957.877,-0.5808,0.02,0.5808,3972
700998.7571,7459929.338,-0.248,0.02,0.248,3973
700973.1181,7459946.223,-0.4548,0.02,0.4548,3974
700960.5768,7459973.796,-0.7271,0.02,0.7271,3975
700851.986,7459992.883,-0.6894,0.02,0.6894,3976
700872.4742,7459989.799,-0.7025,0.02,0.7025,3977
700840.4659,7459972.507,-0.4431,0.02,0.4431,3978
700865.5029,7459970.363,-0.4783,0.02,0.4783,3979
700892.9624,7459986.714,-0.716,0.02,0.716,3980
700931.9798,7459988.452,-0.8213,0.02,0.8213,3981
700912.4711,7459987.583,-0.7695,0.02,0.7695,3982
700941.7718,7459969.454,-0.6423,0.02,0.6423,3983
700890.5399,7459968.219,-0.514,0.02,0.514,3984
700916.1559,7459968.836,-0.5804,0.02,0.5804,3985
700858.5317,7459950.928,-0.2532,0.02,0.2532,3986
700852.7956,7459918.723,-0.0268,0.02,0.0268,3987
700828.9458,7459952.132,-0.195,0.02,0.195,3988
700790.3031,7459962.968,-0.221,0.02,0.221,3989
700822.9079,7459923.238,-0.0209,0.02,0.0209,3990
700784.3843,7459932.697,-0.0114,0.02,0.0114,3991
700473.4373,7460036.405,-0.5322,0.02,0.5322,3992
700447,7460045,-0.9111,0.02,0.9111,3993
700456.2186,7460004.952,-0.2205,0.02,0.2205,3994
700427,7460020,-0.8287,0.02,0.8287,3995
700751.6604,7459973.803,-0.2098,0.02,0.2098,3996
700721.3629,7459983.873,-0.1761,0.02,0.1761,3997
700745.8606,7459942.156,0.008,0.02,-0.008,3998
700714.3029,7459948.786,0.0338,0.02,-0.0338,3999
700499.8746,7460027.809,-0.2622,0.02,0.2622,4000
700485.4373,7459989.905,0.0932,0.02,-0.0932,4001
700535.4373,7460025.405,-0.1064,0.02,0.1064,4002
700520.7186,7459984.952,0.0819,0.02,-0.0819,4003
700691.0654,7459993.943,-0.1271,0.02,0.1271,4004
700656.9024,7460006.53,-0.1275,0.02,0.1275,4005
700682.7452,7459955.417,0.0455,0.02,-0.0455,4006
700648.3431,7459964.673,0.046,0.02,-0.046,4007
700622.7393,7460019.116,-0.0793,0.02,0.0793,4008
700571,7460023,0.018,0.02,-0.018,4009
700556,7459980,0.0811,0.02,-0.0811,4010
700613.941,7459973.929,0.0581,0.02,-0.0581,4011
700596.8697,7460021.058,0.0207,0.02,-0.0207,4012
700584.9705,7459976.964,0.086,0.02,-0.086,4013
701294,7459792,-0.5066,0.02,0.5066,4014
701281,7459805.5,-0.5122,0.02,0.5122,4015
701281,7459779.5,-0.3933,0.02,0.3933,4016
701265.25,7459791,-0.2804,0.02,0.2804,4017
701329.2951,7459700.735,-0.767,0.02,0.767,4018
701328.8342,7459690.348,-0.7499,0.02,0.7499,4019
701320.0404,7459699.523,-0.6719,0.02,0.6719,4020
701319.3862,7459689.416,-0.6503,0.02,0.6503,4021
701298,7459754,-0.5295,0.02,0.5295,4022
701283,7459760.5,-0.4031,0.02,0.4031,4023
701294.5,7459743,-0.4991,0.02,0.4991,4024
701279.25,7459746.25,-0.3657,0.02,0.3657,4025
701310.7856,7459698.311,-0.5762,0.02,0.5762,4026
701300.1298,7459704.682,-0.4811,0.02,0.4811,4027
701309.9384,7459688.486,-0.5501,0.02,0.5501,4028
701295.8877,7459694.963,-0.4175,0.02,0.4175,4029
701291,7459732,-0.4545,0.02,0.4545,4030
701289.4739,7459711.052,-0.3903,0.02,0.3903,4031
701281.837,7459701.44,-0.2904,0.02,0.2904,4032
701290.237,7459721.526,-0.4226,0.02,0.4226,4033
701275.5,7459732,-0.3129,0.02,0.3129,4034
701278.6685,7459716.72,-0.3002,0.02,0.3002,4035
701268,7459767,-0.2815,0.02,0.2815,4036
701264,7459749.5,-0.2348,0.02,0.2348,4037
701249.5,7459776.5,-0.1961,0.02,0.1961,4038
701244.75,7459754.5,-0.1695,0.02,0.1695,4039
701328.3732,7459679.96,-0.737,0.02,0.737,4040
701318.7322,7459679.31,-0.6333,0.02,0.6333,4041
701330.5105,7459671.527,-0.7587,0.02,0.7587,4042
701332.6478,7459663.094,-0.7816,0.02,0.7816,4043
701319.6913,7459669.512,-0.6387,0.02,0.6387,4044
701320.6505,7459659.714,-0.6448,0.02,0.6448,4045
701294.1715,7459344.455,-0.8459,0.02,0.8459,4046
701291.4574,7459379.755,-0.8666,0.02,0.8666,4047
701308.5519,7459355.367,-0.9316,0.02,0.9316,4048
701296.8856,7459309.155,-0.8822,0.02,0.8822,4049
701306.5284,7459375.213,-0.9404,0.02,0.9404,4050
701310.5754,7459335.522,-0.9512,0.02,0.9512,4051
701208.1848,7459885.427,-0.5924,0.02,0.5924,4052
701229.1789,7459850.074,-0.6048,0.02,0.6048,4053
701268,7459819,-0.5473,0.02,0.5473,4054
701190.0263,7459879.954,-0.4582,0.02,0.4582,4055
701248.5895,7459834.537,-0.5979,0.02,0.5979,4056
701249.5,7459802.5,-0.3135,0.02,0.3135,4057
701218.6819,7459867.751,-0.6062,0.02,0.6062,4058
701196.1367,7459833.63,-0.3446,0.02,0.3446,4059
701193.0815,7459856.792,-0.4274,0.02,0.4274,4060
701222.8183,7459818.065,-0.345,0.02,0.345,4061
700977.2028,7459933.57,-0.291,0.02,0.291,4062
701169.0323,7459911.976,-0.4586,0.02,0.4586,4063
701171.8678,7459874.481,-0.3321,0.02,0.3321,4064
701144.6904,7459906.28,-0.2642,0.02,0.2642,4065
701170.4501,7459893.229,-0.3468,0.02,0.3468,4066
701145.3161,7459865.155,-0.1706,0.02,0.1706,4067
701167.4811,7459845.834,-0.2716,0.02,0.2716,4068
701145.0032,7459885.718,-0.1737,0.02,0.1737,4069
701061.2277,7459893.006,0.1788,0.02,-0.1788,4070
701120.3484,7459900.584,-0.1114,0.02,0.1114,4071
701002.8418,7459916.684,-0.0565,0.02,0.0565,4072
701032.0348,7459904.845,0.1562,0.02,-0.1562,4073
701058.9874,7459876.35,0.1177,0.02,-0.1177,4074
701090.7881,7459896.795,0.0609,0.02,-0.0609,4075
701119.5564,7459878.207,-0.0841,0.02,0.0841,4076
700991.9172,7459903.161,0.1383,0.02,-0.1383,4077
701025.4523,7459889.756,0.256,0.02,-0.256,4078
701089.2719,7459877.278,0.0182,0.02,-0.0182,4079
699918.9306,7459424.542,-1.2661,0.02,1.2661,4080
699900,7459458.5,-1.0491,0.02,1.0491,4081
699929.3472,7459429.696,-1.2565,0.02,1.2565,4082
699908.5141,7459419.387,-1.214,0.02,1.214,4083
699913,7459461,-1.1561,0.02,1.1561,4084
699887,7459456,-0.9346,0.02,0.9346,4085
700951.5638,7459950.455,-0.4634,0.02,0.4634,4086
700888.1175,7459949.724,-0.3116,0.02,0.3116,4087
700919.8407,7459950.09,-0.3919,0.02,0.3919,4088
700882.6834,7459914.209,-0.0199,0.02,0.0199,4089
700941.3923,7459910.924,-0.0068,0.02,0.0068,4090
700912.0378,7459912.566,-0.0265,0.02,0.0265,4091
700966.2782,7459920.047,-0.1077,0.02,0.1077,4092
700904.235,7459875.043,0.1534,0.02,-0.1534,4093
700896.7465,7459834.607,0.1905,0.02,-0.1905,4094
700877.2492,7459878.693,0.1417,0.02,-0.1417,4095
700847.0596,7459886.519,0.1262,0.02,-0.1262,4096
700867.3827,7459839.517,0.1845,0.02,-0.1845,4097
700837.054,7459844.991,0.1682,0.02,-0.1682,4098
700816.87,7459894.344,0.1142,0.02,-0.1142,4099
700778.4654,7459902.426,0.1212,0.02,-0.1212,4100
700806.7253,7459850.465,0.1612,0.02,-0.1612,4101
700769.1279,7459855.86,0.232,0.02,-0.232,4102
700740.0609,7459910.509,0.133,0.02,-0.133,4103
700731.5304,7459861.254,0.2929,0.02,-0.2929,4104
700707.243,7459913.7,0.1609,0.02,-0.1609,4105
700698.3715,7459865.35,0.3391,0.02,-0.3391,4106
700439,7459973.5,-0.423,0.02,0.423,4107
700407,7459995,-0.9517,0.02,0.9517,4108
700422.75,7459928.5,-0.3982,0.02,0.3982,4109
700388.5,7459947,-0.9883,0.02,0.9883,4110
700471,7459952,0.0137,0.02,-0.0137,4111
700457,7459910,0.0195,0.02,-0.0195,4112
700506,7459944.5,0.0946,0.02,-0.0946,4113
700492.75,7459901.5,0.1805,0.02,-0.1805,4114
700674.425,7459916.89,0.1751,0.02,-0.1751,4115
700665.2125,7459869.445,0.3148,0.02,-0.3148,4116
700639.7839,7459922.816,0.1794,0.02,-0.1794,4117
700630.642,7459875.658,0.2935,0.02,-0.2935,4118
700541,7459937,0.1413,0.02,-0.1413,4119
700605.1428,7459928.741,0.1868,0.02,-0.1868,4120
700596.0714,7459881.871,0.2837,0.02,-0.2837,4121
700528.5,7459893,0.2267,0.02,-0.2267,4122
700573.0714,7459932.871,0.1781,0.02,-0.1781,4123
700562.2857,7459887.435,0.2603,0.02,-0.2603,4124
701231,7459786,-0.1482,0.02,0.1482,4125
701197.0472,7459801.593,-0.1246,0.02,0.1246,4126
701225.5,7459759.5,-0.1244,0.02,0.1244,4127
701195.2736,7459771.547,-0.0462,0.02,0.0462,4128
701274.2001,7459691.827,-0.186,0.02,0.186,4129
701309.0911,7459678.66,-0.5291,0.02,0.5291,4130
701260,7459732,-0.1735,0.02,0.1735,4131
701240,7459732.5,-0.1343,0.02,0.1343,4132
701291.6456,7459685.244,-0.3512,0.02,0.3512,4133
701308.8721,7459667.497,-0.5173,0.02,0.5173,4134
701267.1001,7459711.914,-0.1743,0.02,0.1743,4135
701257.4341,7459680.116,-0.0043,0.02,0.0043,4136
701248.7171,7459706.308,-0.0716,0.02,0.0716,4137
701283.1531,7459673.806,-0.2417,0.02,0.2417,4138
701220,7459733,-0.0949,0.02,0.0949,4139
701193.5,7459741.5,-0.0489,0.02,0.0489,4140
701230.3341,7459700.702,-0.0277,0.02,0.0277,4141
701197.667,7459707.601,0.005,0.02,-0.005,4142
701308.6531,7459656.334,-0.5054,0.02,0.5054,4143
701274.6606,7459662.369,-0.1266,0.02,0.1266,4144
701270.2142,7459634.672,-0.0183,0.02,0.0183,4145
701305.5944,7459633.642,-0.4486,0.02,0.4486,4146
701265.7678,7459606.975,-0.1542,0.02,0.1542,4147
701302.5356,7459610.95,-0.4947,0.02,0.4947,4148
701267.9382,7459572.146,-0.4133,0.02,0.4133,4149
701310.3765,7459576.791,-0.687,0.02,0.687,4150
701270.1087,7459537.316,-0.5111,0.02,0.5111,4151
701318.2173,7459542.633,-0.8237,0.02,0.8237,4152
701263.8043,7459495.908,-0.5658,0.02,0.5658,4153
701310.6087,7459499.316,-0.8545,0.02,0.8545,4154
701257.5,7459454.5,-0.6764,0.02,0.6764,4155
701303,7459456,-0.9142,0.02,0.9142,4156
701247.3466,7459416.574,-0.7555,0.02,0.7555,4157
701289.6932,7459420.148,-1.0007,0.02,1.0007,4158
701276.3864,7459384.297,-0.7995,0.02,0.7995,4159
701237.1932,7459378.648,-0.5038,0.02,0.5038,4160
701279.7911,7459333.542,-0.763,0.02,0.763,4161
701239.3955,7459332.271,-0.4995,0.02,0.4995,4162
701283.1957,7459282.788,-0.8304,0.02,0.8304,4163
701241.5979,7459285.894,-0.5602,0.02,0.5602,4164
701243.2745,7459246.118,-0.587,0.02,0.587,4165
701284.549,7459242.236,-0.8486,0.02,0.8486,4166
701251.2687,7459121.944,-1.0395,0.02,1.0395,4167
701244.9511,7459206.342,-0.5725,0.02,0.5725,4168
701285.9023,7459201.684,-0.8507,0.02,0.8507,4169
701243.5426,7459154.712,-0.887,0.02,0.887,4170
701281.9835,7459146.65,-1.0553,0.02,1.0553,4171
701244.2469,7459180.527,-0.7293,0.02,0.7293,4172
701283.9429,7459174.167,-0.9608,0.02,0.9608,4173
701163.0944,7459817.186,-0.0964,0.02,0.0964,4174
701165.0472,7459783.593,0.0443,0.02,-0.0443,4175
701140.9294,7459836.508,-0.1242,0.02,0.1242,4176
701135.5472,7459791.093,0.0978,0.02,-0.0978,4177
700980.9925,7459889.638,0.2022,0.02,-0.2022,4178
701018.8698,7459874.666,0.1824,0.02,-0.1824,4179
700956.1067,7459880.516,0.1691,0.02,-0.1691,4180
700989.38,7459857.589,0.1328,0.02,-0.1328,4181
701118.7643,7459855.829,-0.1073,0.02,0.1073,4182
701087.7557,7459857.762,-0.0304,0.02,0.0304,4183
701113.3822,7459810.415,0.0201,0.02,-0.0201,4184
701084.1827,7459819.605,0.0098,0.02,-0.0098,4185
701056.747,7459859.694,0.0528,0.02,-0.0528,4186
701054.9833,7459828.796,0.0169,0.02,-0.0169,4187
701027.2573,7459842.617,0.0339,0.02,-0.0339,4188
700062.3298,7459415.627,-1.1548,0.02,1.1548,4189
700042.5,7459443,-1.2059,0.02,1.2059,4190
700070.6597,7459416.755,-1.1479,0.02,1.1479,4191
700054,7459414.5,-1.1566,0.02,1.1566,4192
700049,7459448,-1.1704,0.02,1.1704,4193
700036,7459438,-1.2427,0.02,1.2427,4194
699937.8613,7459390.583,-0.0177,0.02,0.0177,4195
699945.6944,7459398.393,-0.4042,0.02,0.4042,4196
699930.0282,7459382.774,0.396,0.02,-0.396,4197
699969.6806,7459375.042,0.3385,0.02,-0.3385,4198
699986.3472,7459383.196,-0.108,0.02,0.108,4199
699953.0141,7459366.887,0.8456,0.02,-0.8456,4200
700001.5,7459359.5,0.509,0.02,-0.509,4201
699976,7459351,0.9318,0.02,-0.9318,4202
700002.5,7459341.75,1.1313,0.02,-1.1313,4203
700003.5,7459324,1.7708,0.02,-1.7708,4204
699983.5,7459336,1.29,0.02,-1.29,4205
699991,7459321,1.7577,0.02,-1.7577,4206
700931.2208,7459871.393,0.1647,0.02,-0.1647,4207
700926.1104,7459829.697,0.1839,0.02,-0.1839,4208
700964.4941,7459848.466,0.1453,0.02,-0.1453,4209
700956.4971,7459810.233,0.1281,0.02,-0.1281,4210
700948.5,7459772,0.1587,0.02,-0.1587,4211
700921,7459788,0.1287,0.02,-0.1287,4212
700889.2581,7459794.171,0.1623,0.02,-0.1623,4213
700917,7459755.5,0.2181,0.02,-0.2181,4214
700885.379,7459756.085,0.2433,0.02,-0.2433,4215
700857.5161,7459800.341,0.1945,0.02,-0.1945,4216
700827.0484,7459803.463,0.2175,0.02,-0.2175,4217
700853.7581,7459756.671,0.2689,0.02,-0.2689,4218
700821.7742,7459758.482,0.2932,0.02,-0.2932,4219
700796.5806,7459806.586,0.2486,0.02,-0.2486,4220
700759.7903,7459809.293,0.3072,0.02,-0.3072,4221
700789.7903,7459760.293,0.3272,0.02,-0.3272,4222
700754.1452,7459763.146,0.3691,0.02,-0.3691,4223
700406.5,7459883.5,-0.1018,0.02,0.1018,4224
700370,7459899,-0.4235,0.02,0.4235,4225
700393.5,7459835.25,0.1506,0.02,-0.1506,4226
700355.5,7459848.5,0.0204,0.02,-0.0204,4227
700723,7459812,0.3694,0.02,-0.3694,4228
700689.5,7459817,0.409,0.02,-0.409,4229
700718.5,7459766,0.4115,0.02,-0.4115,4230
700684,7459771,0.436,0.02,-0.436,4231
700656,7459822,0.3927,0.02,-0.3927,4232
700649.5,7459776,0.4404,0.02,-0.4404,4233
700621.5,7459828.5,0.366,0.02,-0.366,4234
700614,7459782.25,0.4401,0.02,-0.4401,4235
700443,7459868,0.1163,0.02,-0.1163,4236
700431.5,7459822,0.2091,0.02,-0.2091,4237
700479.5,7459858.5,0.2324,0.02,-0.2324,4238
700468.75,7459812.5,0.2673,0.02,-0.2673,4239
700516,7459849,0.2661,0.02,-0.2661,4240
700587,7459835,0.3294,0.02,-0.3294,4241
700578.5,7459788.5,0.4244,0.02,-0.4244,4242
700551.5,7459842,0.2939,0.02,-0.2939,4243
700506,7459803,0.3164,0.02,-0.3164,4244
700542.25,7459795.75,0.3671,0.02,-0.3671,4245
701167,7459750,0.0152,0.02,-0.0152,4246
701165,7459714.5,0.046,0.02,-0.046,4247
701137.5,7459757.5,0.0746,0.02,-0.0746,4248
701133,7459720.75,0.0857,0.02,-0.0857,4249
701240.6681,7459668.404,0.0383,0.02,-0.0383,4250
701234.8341,7459635.702,0.1085,0.02,-0.1085,4251
701201.8341,7459673.702,0.065,0.02,-0.065,4252
701197.667,7459640.101,0.1148,0.02,-0.1148,4253
701163,7459679,0.0986,0.02,-0.0986,4254
701128.5,7459684,0.1383,0.02,-0.1383,4255
701160.5,7459644.5,0.1266,0.02,-0.1266,4256
701128.25,7459650,0.1584,0.02,-0.1584,4257
701229,7459603,-0.0541,0.02,0.0541,4258
701193.5,7459606.5,0.049,0.02,-0.049,4259
701225.5,7459567.5,-0.2019,0.02,0.2019,4260
701186.8861,7459570.989,-0.0109,0.02,0.0109,4261
701222,7459532,-0.2301,0.02,0.2301,4262
701180.2722,7459535.478,0.0178,0.02,-0.0178,4263
701217,7459492.5,-0.2617,0.02,0.2617,4264
701174.3861,7459494.489,0.0257,0.02,-0.0257,4265
701212,7459453,-0.3223,0.02,0.3223,4266
701168.5,7459453.5,0.0245,0.02,-0.0245,4267
701205,7459413,-0.3481,0.02,0.3481,4268
701163.25,7459412,0.0381,0.02,-0.0381,4269
701198,7459373,-0.1902,0.02,0.1902,4270
701158,7459370.5,0.1075,0.02,-0.1075,4271
701199,7459331,-0.2211,0.02,0.2211,4272
701158.5,7459328.25,0.0556,0.02,-0.0556,4273
701200,7459289,-0.272,0.02,0.272,4274
701159,7459286,0.0059,0.02,-0.0059,4275
701202,7459250,-0.3102,0.02,0.3102,4276
701161.5,7459246.5,-0.0353,0.02,0.0353,4277
701212.8277,7459130.006,-0.9056,0.02,0.9056,4278
701220.5538,7459097.238,-1.1299,0.02,1.1299,4279
701182.4711,7459128.632,-0.8353,0.02,0.8353,4280
701192.2822,7459094.803,-1.1511,0.02,1.1511,4281
701152.1146,7459127.259,-0.7731,0.02,0.7731,4282
701164.0105,7459092.367,-1.1791,0.02,1.1791,4283
701204,7459211,-0.3065,0.02,0.3065,4284
701205.1016,7459162.773,-0.6325,0.02,0.6325,4285
701164,7459207,-0.0512,0.02,0.0512,4286
701204.5508,7459186.887,-0.4555,0.02,0.4555,4287
701172.6601,7459162.462,-0.4627,0.02,0.4627,4288
701168.3301,7459184.731,-0.2593,0.02,0.2593,4289
701108,7459765,0.0963,0.02,-0.0963,4290
700997.7675,7459825.539,0.0906,0.02,-0.0906,4291
701053.2196,7459797.897,0.0823,0.02,-0.0823,4292
701101,7459727,0.1158,0.02,-0.1158,4293
701080.6098,7459781.449,0.1028,0.02,-0.1028,4294
700986.8838,7459790.77,0.1064,0.02,-0.1064,4295
701038.1098,7459738.949,0.1714,0.02,-0.1714,4296
701025.4936,7459811.718,0.0736,0.02,-0.0736,4297
701012.4968,7459764.859,0.1461,0.02,-0.1461,4298
701069.5549,7459732.974,0.1442,0.02,-0.1442,4299
700082.1597,7459388.255,-0.8394,0.02,0.8394,4300
700072,7459391,-0.8251,0.02,0.8251,4301
700092.3194,7459385.509,-0.8685,0.02,0.8685,4302
700076.7609,7459377.445,-0.6936,0.02,0.6936,4303
700089.5218,7459369.89,-0.7327,0.02,0.7327,4304
700064,7459385,-0.7059,0.02,0.7059,4305
700071.3621,7459366.636,-0.5167,0.02,0.5167,4306
700056,7459379,-0.5612,0.02,0.5612,4307
700057.1811,7459353.318,0.0323,0.02,-0.0323,4308
700041.5,7459373.5,-0.3438,0.02,0.3438,4309
700027,7459368,-0.0839,0.02,0.0839,4310
700021.5,7459347.5,0.8663,0.02,-0.8663,4311
700043,7459340,0.7808,0.02,-0.7808,4312
700016,7459327,1.7476,0.02,-1.7476,4313
700034.5,7459321.25,1.7773,0.02,-1.7773,4314
700026,7459302.5,1.6308,0.02,-1.6308,4315
700976,7459756,0.1819,0.02,-0.1819,4316
700999.5,7459718,0.2375,0.02,-0.2375,4317
700944.5,7459739.5,0.24,0.02,-0.24,4318
700962.25,7459700.25,0.3001,0.02,-0.3001,4319
700913,7459723,0.2958,0.02,-0.2958,4320
700881.5,7459718,0.3264,0.02,-0.3264,4321
700925,7459682.5,0.366,0.02,-0.366,4322
700889.75,7459676,0.4031,0.02,-0.4031,4323
700850,7459713,0.3572,0.02,-0.3572,4324
700854.5,7459669.5,0.4403,0.02,-0.4403,4325
700816.5,7459713.5,0.3786,0.02,-0.3786,4326
700819,7459669,0.4659,0.02,-0.4659,4327
700783,7459714,0.4128,0.02,-0.4128,4328
700783.5,7459668.5,0.5012,0.02,-0.5012,4329
700748.5,7459717,0.4464,0.02,-0.4464,4330
700747.25,7459671,0.5334,0.02,-0.5334,4331
700380.5,7459787,0.151,0.02,-0.151,4332
700341,7459798,0.0185,0.02,-0.0185,4333
700369.5,7459737.5,0.0764,0.02,-0.0764,4334
700327.5,7459746.5,-0.1126,0.02,0.1126,4335
700714,7459720,0.4809,0.02,-0.4809,4336
700678.5,7459725,0.4999,0.02,-0.4999,4337
700711,7459673.5,0.5651,0.02,-0.5651,4338
700674.5,7459678.25,0.5625,0.02,-0.5625,4339
700420,7459776,0.2158,0.02,-0.2158,4340
700458,7459766.5,0.2992,0.02,-0.2992,4341
700411.5,7459728.5,0.2118,0.02,-0.2118,4342
700450,7459719.25,0.326,0.02,-0.326,4343
700643,7459730,0.5119,0.02,-0.5119,4344
700606.5,7459736,0.5285,0.02,-0.5285,4345
700638,7459683,0.5507,0.02,-0.5507,4346
700601,7459689,0.5456,0.02,-0.5456,4347
700570,7459742,0.5076,0.02,-0.5076,4348
700496,7459757,0.3795,0.02,-0.3795,4349
700488.5,7459710,0.4125,0.02,-0.4125,4350
700533,7459749.5,0.4427,0.02,-0.4427,4351
700564,7459695,0.5154,0.02,-0.5154,4352
700526.25,7459702.5,0.4645,0.02,-0.4645,4353
701094,7459689,0.1784,0.02,-0.1784,4354
701158,7459610,0.1317,0.02,-0.1317,4355
701098,7459622,0.2328,0.02,-0.2328,4356
701067,7459596,0.3591,0.02,-0.3591,4357
701148.2722,7459574.478,0.1723,0.02,-0.1723,4358
701058.5,7459684.5,0.2329,0.02,-0.2329,4359
701096,7459655.5,0.2015,0.02,-0.2015,4360
701128,7459616,0.1868,0.02,-0.1868,4361
701062.75,7459640.25,0.2607,0.02,-0.2607,4362
701107.6361,7459585.239,0.2772,0.02,-0.2772,4363
701138.5445,7459538.956,0.2243,0.02,-0.2243,4364
701087.2722,7459554.478,0.3431,0.02,-0.3431,4365
701131.7722,7459496.478,0.2332,0.02,-0.2332,4366
701084.1361,7459505.489,0.3303,0.02,-0.3303,4367
701125,7459454,0.2352,0.02,-0.2352,4368
701081,7459456.5,0.3257,0.02,-0.3257,4369
701121.5,7459411,0.2441,0.02,-0.2441,4370
701078.5,7459410.5,0.351,0.02,-0.351,4371
701118,7459368,0.239,0.02,-0.239,4372
701076,7459364.5,0.3171,0.02,-0.3171,4373
701118,7459325.5,0.1828,0.02,-0.1828,4374
701076,7459320,0.2578,0.02,-0.2578,4375
701118,7459283,0.1328,0.02,-0.1328,4376
701121,7459243,0.0925,0.02,-0.0925,4377
701076,7459275.5,0.1995,0.02,-0.1995,4378
701079.75,7459233.5,0.1362,0.02,-0.1362,4379
701124,7459203,0.0392,0.02,-0.0392,4380
701140.2186,7459162.15,-0.3078,0.02,0.3078,4381
701083.5,7459191.5,0.0246,0.02,-0.0246,4382
701132.1093,7459182.575,-0.1241,0.02,0.1241,4383
701095.5547,7459162.788,-0.1494,0.02,0.1494,4384
701107.6093,7459134.075,-0.4246,0.02,0.4246,4385
701023,7459680,0.2794,0.02,-0.2794,4386
701029.5,7459625,0.3394,0.02,-0.3394,4387
700980,7459661,0.3458,0.02,-0.3458,4388
700986.25,7459609.75,0.4382,0.02,-0.4382,4389
700059,7459312,1.1104,0.02,-1.1104,4390
700086.7243,7459354.272,-0.4948,0.02,0.4948,4391
700072.8621,7459333.136,0.2079,0.02,-0.2079,4392
700047.5,7459295,0.5435,0.02,-0.5435,4393
700069.5,7459280,-0.6323,0.02,0.6323,4394
700036,7459278,-0.3121,0.02,0.3121,4395
700083.9311,7459303.318,-0.091,0.02,0.091,4396
700098.3621,7459326.636,-0.4444,0.02,0.4444,4397
700056.5,7459269.25,-1.0135,0.02,1.0135,4398
700065.5,7459243.5,-0.4471,0.02,0.4471,4399
700043.5,7459258.5,-1.4025,0.02,1.4025,4400
700051,7459239,-0.3522,0.02,0.3522,4401
700095,7459273.5,-1.1302,0.02,1.1302,4402
700110,7459299,-0.9466,0.02,0.9466,4403
700111.5651,7459261.297,-1.4119,0.02,1.4119,4404
700123.5,7459279,-1.3667,0.02,1.3667,4405
700937,7459642,0.4283,0.02,-0.4283,4406
700943,7459594.5,0.515,0.02,-0.515,4407
700898,7459634,0.4799,0.02,-0.4799,4408
700902.5,7459587,0.5628,0.02,-0.5628,4409
700859,7459626,0.5242,0.02,-0.5242,4410
700862,7459579.5,0.6149,0.02,-0.6149,4411
700821.5,7459624.5,0.5555,0.02,-0.5555,4412
700822.75,7459577.5,0.6552,0.02,-0.6552,4413
700784,7459623,0.5958,0.02,-0.5958,4414
700783.5,7459575.5,0.6889,0.02,-0.6889,4415
700746,7459625,0.6332,0.02,-0.6332,4416
700744.5,7459577.25,0.7139,0.02,-0.7139,4417
700358.5,7459688,0.1404,0.02,-0.1404,4418
700314,7459695,-0.1127,0.02,0.1127,4419
700360.75,7459642.5,0.2095,0.02,-0.2095,4420
700321,7459651.5,-0.0293,0.02,0.0293,4421
700708,7459627,0.6719,0.02,-0.6719,4422
700705.5,7459579,0.737,0.02,-0.737,4423
700670.5,7459631.5,0.6496,0.02,-0.6496,4424
700667.25,7459583.5,0.7263,0.02,-0.7263,4425
700403,7459681,0.2572,0.02,-0.2572,4426
700400.5,7459633.5,0.3051,0.02,-0.3051,4427
700442,7459672,0.3476,0.02,-0.3476,4428
700438.5,7459624.25,0.3766,0.02,-0.3766,4429
700633,7459636,0.6091,0.02,-0.6091,4430
700595.5,7459642,0.5733,0.02,-0.5733,4431
700629,7459588,0.705,0.02,-0.705,4432
700591,7459594,0.6754,0.02,-0.6754,4433
700481,7459663,0.4311,0.02,-0.4311,4434
700558,7459648,0.5316,0.02,-0.5316,4435
700476.5,7459615,0.4785,0.02,-0.4785,4436
700519.5,7459655.5,0.4826,0.02,-0.4826,4437
700553,7459600,0.6087,0.02,-0.6087,4438
700514.75,7459607.5,0.5401,0.02,-0.5401,4439
701036,7459570,0.4893,0.02,-0.4893,4440
701036.5,7459514.5,0.4305,0.02,-0.4305,4441
700992.5,7459558.5,0.5098,0.02,-0.5098,4442
700993,7459505.75,0.4849,0.02,-0.4849,4443
701037,7459459,0.413,0.02,-0.413,4444
700993.5,7459453,0.4984,0.02,-0.4984,4445
701035.5,7459410,0.4571,0.02,-0.4571,4446
700992,7459403.25,0.5151,0.02,-0.5151,4447
701034,7459361,0.393,0.02,-0.393,4448
700990.5,7459353.5,0.4518,0.02,-0.4518,4449
701034,7459314.5,0.3327,0.02,-0.3327,4450
700990.5,7459304.75,0.3984,0.02,-0.3984,4451
701034,7459268,0.2636,0.02,-0.2636,4452
700990.5,7459256,0.3284,0.02,-0.3284,4453
701038.5,7459224,0.1648,0.02,-0.1648,4454
700994.25,7459208.5,0.2279,0.02,-0.2279,4455
701043,7459180,0.0674,0.02,-0.0674,4456
700998,7459161,0.1428,0.02,-0.1428,4457
701059,7459143,-0.0933,0.02,0.0933,4458
701075,7459106,-0.3802,0.02,0.3802,4459
701010.0403,7459117.336,0.045,0.02,-0.045,4460
701022.0807,7459073.673,-0.9725,0.02,0.9725,4461
700949,7459547,0.5411,0.02,-0.5411,4462
700907,7459540,0.5852,0.02,-0.5852,4463
700949.5,7459497,0.5498,0.02,-0.5498,4464
700906.75,7459490.25,0.6156,0.02,-0.6156,4465
700128.1302,7459249.095,-0.3516,0.02,0.3516,4466
700137,7459259,-1.2698,0.02,1.2698,4467
700138.5421,7459232.631,1.3565,0.02,-1.3565,4468
700145.8674,7459247.672,0.0401,0.02,-0.0401,4469
700080,7459248,-0.6115,0.02,0.6115,4470
700119.2604,7459239.19,0.473,0.02,-0.473,4471
700099.6302,7459243.595,-0.1153,0.02,0.1153,4472
700131.2169,7459217.591,2.6895,0.02,-2.6895,4473
700113.8585,7459206.295,3.1083,0.02,-3.1083,4474
700096.5,7459195,2.0049,0.02,-2.0049,4475
700865,7459533,0.6416,0.02,-0.6416,4476
700864,7459483.5,0.672,0.02,-0.672,4477
700824,7459530.5,0.6969,0.02,-0.6969,4478
700822.5,7459481,0.7231,0.02,-0.7231,4479
700783,7459528,0.764,0.02,-0.764,4480
700781,7459478.5,0.8522,0.02,-0.8522,4481
700743,7459529.5,0.8282,0.02,-0.8282,4482
700740.25,7459480,1.0013,0.02,-1.0013,4483
700363,7459597,0.0479,0.02,-0.0479,4484
700328,7459608,-0.0336,0.02,0.0336,4485
700358,7459547.25,0.1891,0.02,-0.1891,4486
700323.5,7459556.5,-0.0032,0.02,0.0032,4487
700703,7459531,0.8899,0.02,-0.8899,4488
700664,7459535.5,0.8073,0.02,-0.8073,4489
700699.5,7459481.5,1.1451,0.02,-1.1451,4490
700659.75,7459486.25,0.9838,0.02,-0.9838,4491
700398,7459586,0.1539,0.02,-0.1539,4492
700392.5,7459538,0.3683,0.02,-0.3683,4493
700435,7459576.5,0.3285,0.02,-0.3285,4494
700429,7459528,0.5136,0.02,-0.5136,4495
700625,7459540,0.7245,0.02,-0.7245,4496
700586.5,7459546,0.6608,0.02,-0.6608,4497
700620,7459491,0.8283,0.02,-0.8283,4498
700581,7459497,0.6988,0.02,-0.6988,4499
700472,7459567,0.5333,0.02,-0.5333,4500
700548,7459552,0.6364,0.02,-0.6364,4501
700465.5,7459518,0.6142,0.02,-0.6142,4502
700510,7459559.5,0.5976,0.02,-0.5976,4503
700542,7459503,0.6756,0.02,-0.6756,4504
700503.75,7459510.5,0.6517,0.02,-0.6517,4505
700950,7459447,0.5805,0.02,-0.5805,4506
700906.5,7459440.5,0.6571,0.02,-0.6571,4507
700948.5,7459396.5,0.5723,0.02,-0.5723,4508
700904.75,7459389.75,0.6429,0.02,-0.6429,4509
700947,7459346,0.5145,0.02,-0.5145,4510
700903,7459339,0.5968,0.02,-0.5968,4511
700947,7459295,0.4659,0.02,-0.4659,4512
700899.4852,7459286.142,0.5479,0.02,-0.5479,4513
700947,7459244,0.3944,0.02,-0.3944,4514
700953,7459142,0.2138,0.02,-0.2138,4515
700895.9705,7459233.285,0.4819,0.02,-0.4819,4516
700950,7459193,0.3055,0.02,-0.3055,4517
700898.2285,7459126.808,0.2857,0.02,-0.2857,4518
700961.0807,7459091.673,-0.0307,0.02,0.0307,4519
700969.1613,7459041.345,-1.0402,0.02,1.0402,4520
700897.0995,7459180.046,0.3975,0.02,-0.3975,4521
700908.4892,7459074.502,0.1384,0.02,-0.1384,4522
700918.7498,7459022.197,-1.0796,0.02,1.0796,4523
700855.8977,7459057.332,0.167,0.02,-0.167,4524
700868.3383,7459003.048,-0.7725,0.02,0.7725,4525
700821.937,7458988.874,-0.0204,0.02,0.0204,4526
700863,7459434,0.7337,0.02,-0.7337,4527
700821,7459431.5,0.807,0.02,-0.807,4528
700861,7459383,0.7378,0.02,-0.7378,4529
700818.25,7459380.25,0.8389,0.02,-0.8389,4530
700148.9541,7459216.167,2.8637,0.02,-2.8637,4531
700154.7347,7459236.343,1.1614,0.02,-1.1614,4532
700181.477,7459232.084,1.667,0.02,-1.667,4533
700180.8674,7459252.172,0.596,0.02,-0.596,4534
700143.1734,7459195.992,2.8732,0.02,-2.8732,4535
700128.0867,7459168.996,0.7668,0.02,-0.7668,4536
700182.0867,7459211.996,2.7117,0.02,-2.7117,4537
700113,7459142,-0.5059,0.02,0.5059,4538
700177.5434,7459186.998,1.6028,0.02,-1.6028,4539
700173,7459162,-0.1324,0.02,0.1324,4540
700779,7459429,0.9956,0.02,-0.9956,4541
700737.5,7459430.5,1.2047,0.02,-1.2047,4542
700775.5,7459377.5,1.1309,0.02,-1.1309,4543
700733.25,7459379.5,1.4464,0.02,-1.4464,4544
700214,7459248,1.5818,0.02,-1.5818,4545
700207,7459268,0.6638,0.02,-0.6638,4546
700246,7459265.5,2.077,0.02,-2.077,4547
700237.5,7459286,0.1563,0.02,-0.1563,4548
700353,7459497.5,0.3867,0.02,-0.3867,4549
700319,7459505,0.0855,0.02,-0.0855,4550
700342.5,7459453.5,0.3899,0.02,-0.3899,4551
700308,7459462,-0.079,0.02,0.079,4552
700278,7459283,1.1441,0.02,-1.1441,4553
700268,7459304,-0.7872,0.02,0.7872,4554
700296.5,7459307.5,-0.3455,0.02,0.3455,4555
700278,7459325.5,-1.0183,0.02,1.0183,4556
700315,7459332,-0.0462,0.02,0.0462,4557
700332,7459409.5,0.4428,0.02,-0.4428,4558
700288,7459347,-0.359,0.02,0.359,4559
700297,7459419,-0.0331,0.02,0.0331,4560
700323.5,7459370.75,0.4534,0.02,-0.4534,4561
700292.5,7459383,0.0217,0.02,-0.0217,4562
700696,7459432,1.3793,0.02,-1.3793,4563
700691,7459381.5,1.6331,0.02,-1.6331,4564
700655.5,7459437,1.1525,0.02,-1.1525,4565
700649.75,7459386.75,1.3075,0.02,-1.3075,4566
700387,7459490,0.5385,0.02,-0.5385,4567
700423,7459479.5,0.626,0.02,-0.626,4568
700377,7459445,0.6905,0.02,-0.6905,4569
700412.75,7459432.25,0.7637,0.02,-0.7637,4570
700615,7459442,0.939,0.02,-0.939,4571
700608.5,7459392,1.0029,0.02,-1.0029,4572
700575.5,7459448,0.7922,0.02,-0.7922,4573
700568,7459398.5,0.8445,0.02,-0.8445,4574
700459,7459469,0.7071,0.02,-0.7071,4575
700536,7459454,0.7733,0.02,-0.7733,4576
700448.5,7459419.5,0.8126,0.02,-0.8126,4577
700497.5,7459461.5,0.7502,0.02,-0.7502,4578
700527.5,7459405,0.8329,0.02,-0.8329,4579
700488,7459412.25,0.8224,0.02,-0.8224,4580
700859,7459332,0.6927,0.02,-0.6927,4581
700851.9705,7459277.285,0.6321,0.02,-0.6321,4582
700815.5,7459329,0.7883,0.02,-0.7883,4583
700809.7352,7459274.392,0.7301,0.02,-0.7301,4584
700844.941,7459222.569,0.5698,0.02,-0.5698,4585
700803.9705,7459219.785,0.6916,0.02,-0.6916,4586
700844.199,7459167.092,0.4704,0.02,-0.4704,4587
700798.1165,7459162.001,0.5525,0.02,-0.5525,4588
700843.4571,7459111.615,0.3361,0.02,-0.3361,4589
700792.2626,7459104.218,0.3684,0.02,-0.3684,4590
700809.4964,7459043.158,0.2353,0.02,-0.2353,4591
700775.5357,7458974.7,-0.4107,0.02,0.4107,4592
700769.8799,7459037.932,0.2137,0.02,-0.2137,4593
700747.4972,7458971.645,-0.3704,0.02,0.3704,4594
700772,7459326,1.2111,0.02,-1.2111,4595
700729,7459328.5,1.6605,0.02,-1.6605,4596
700767.5,7459271.5,1.2865,0.02,-1.2865,4597
700723.5,7459275,1.8626,0.02,-1.8626,4598
700221,7459228,1.9442,0.02,-1.9442,4599
700254.5,7459245,2.4191,0.02,-2.4191,4600
700227,7459205,1.8902,0.02,-1.8902,4601
700233,7459182,0.397,0.02,-0.397,4602
700264,7459221.25,2.174,0.02,-2.174,4603
700273.5,7459197.5,1.6,0.02,-1.6,4604
700686,7459331,1.8393,0.02,-1.8393,4605
700644,7459336.5,1.4274,0.02,-1.4274,4606
700679.5,7459278.5,2.1018,0.02,-2.1018,4607
700639.1615,7459281.872,1.9091,0.02,-1.9091,4608
700288,7459262,2.9394,0.02,-2.9394,4609
700367,7459400,0.8566,0.02,-0.8566,4610
700342,7459317,0.495,0.02,-0.495,4611
700315,7459289.5,1.3596,0.02,-1.3596,4612
700301,7459237.5,3.1094,0.02,-3.1094,4613
700373.5,7459291,2.1521,0.02,-2.1521,4614
700354.5,7459358.5,0.855,0.02,-0.855,4615
700402.5,7459385,0.8782,0.02,-0.8782,4616
700337.25,7459264.25,3.3444,0.02,-3.3444,4617
700388,7459338,0.9766,0.02,-0.9766,4618
700602,7459342,1.0323,0.02,-1.0323,4619
700560.5,7459349,0.8846,0.02,-0.8846,4620
700598.823,7459285.244,1.6655,0.02,-1.6655,4621
700554.1322,7459292.583,1.4416,0.02,-1.4416,4622
700438,7459370,0.8759,0.02,-0.8759,4623
700519,7459356,0.8685,0.02,-0.8685,4624
700421.5,7459317.5,0.9743,0.02,-0.9743,4625
700478.5,7459363,0.849,0.02,-0.849,4626
700509.4415,7459299.922,1.2708,0.02,-1.2708,4627
700465.4707,7459308.711,1.0679,0.02,-1.0679,4628
700763,7459217,0.9883,0.02,-0.9883,4629
700752.034,7459156.911,0.6411,0.02,-0.6411,4630
700718,7459221.5,1.3892,0.02,-1.3892,4631
700711.4822,7459162.045,0.7823,0.02,-0.7823,4632
700741.068,7459096.821,0.3389,0.02,-0.3389,4633
700704.9645,7459102.59,0.3584,0.02,-0.3584,4634
700730.2633,7459032.706,0.1413,0.02,-0.1413,4635
700719.4586,7458968.59,-0.2416,0.02,0.2416,4636
700695.3074,7459042.158,0.1306,0.02,-0.1306,4637
700685.6503,7458981.727,-0.2173,0.02,0.2173,4638
700673,7459226,1.9546,0.02,-1.9546,4639
700634.323,7459227.244,2.4398,0.02,-2.4398,4640
700670.9305,7459167.179,1.5395,0.02,-1.5395,4641
700634.0301,7459173.053,2.4421,0.02,-2.4421,4642
700314,7459213,3.3448,0.02,-3.3448,4643
700359.5,7459239,4.141,0.02,-4.141,4644
700367.5,7459200,4.0598,0.02,-4.0598,4645
700326,7459183,1.8242,0.02,-1.8242,4646
700595.6459,7459228.487,2.8888,0.02,-2.8888,4647
700547.7644,7459236.166,2.9125,0.02,-2.9125,4648
700597.1298,7459178.928,3.301,0.02,-3.301,4649
700546.2856,7459190.925,3.5104,0.02,-3.5104,4650
700405,7459265,3.0679,0.02,-3.0679,4651
700499.8829,7459243.844,2.8074,0.02,-2.8074,4652
700452.4415,7459254.422,2.7986,0.02,-2.7986,4653
700409,7459217,4.2076,0.02,-4.2076,4654
700495.4415,7459202.922,3.8296,0.02,-3.8296,4655
700452.2207,7459209.961,4.1026,0.02,-4.1026,4656
700668.8609,7459108.358,0.8641,0.02,-0.8641,4657
700633.7373,7459118.863,1.6265,0.02,-1.6265,4658
700660.3514,7459051.611,0.1619,0.02,-0.1619,4659
700651.8419,7458994.863,-0.4158,0.02,0.4158,4660
700627.2969,7459063.135,-1.4,0.02,1.4,4661
700620.8566,7459007.407,-0.4316,0.02,0.4316,4662
700594.2425,7459074.66,-1.481,0.02,1.481,4663
700375.5,7459161,0.9099,0.02,-0.9099,4664
700338,7459153,-0.2295,0.02,0.2295,4665
700382.25,7459122,-0.0506,0.02,0.0506,4666
700349.5,7459117,-0.7166,0.02,0.7166,4667
700598.6137,7459129.368,2.5462,0.02,-2.5462,4668
700544.8069,7459145.684,2.9076,0.02,-2.9076,4669
700571.8069,7459088.184,1.4831,0.02,-1.4831,4670
700528.4034,7459103.092,2.2659,0.02,-2.2659,4671
700413,7459169,1.9961,0.02,-1.9961,4672
700491,7459162,2.6384,0.02,-2.6384,4673
700415,7459127,0.87,0.02,-0.87,4674
700452,7459165.5,2.3,0.02,-2.3,4675
700485,7459118,2.4476,0.02,-2.4476,4676
700450,7459122.5,1.7652,0.02,-1.7652,4677
700589.8712,7459019.951,-0.3947,0.02,0.3947,4678
700567.4356,7459033.476,-0.2609,0.02,0.2609,4679
700547.3459,7458995.278,-0.659,0.02,0.659,4680
700569.1919,7458982.056,-0.767,0.02,0.767,4681
700389,7459083,-0.2222,0.02,0.2222,4682
700361,7459081,-0.7368,0.02,0.7368,4683
700384.3127,7459040.455,-0.3199,0.02,0.3199,4684
700360,7459037.5,-0.3132,0.02,0.3132,4685
700545,7459047,-0.189,0.02,0.189,4686
700512,7459060.5,0.3068,0.02,-0.3068,4687
700525.5,7459008.5,-0.5212,0.02,0.5212,4688
700496.25,7459021.75,-0.457,0.02,0.457,4689
700417,7459085,0.3892,0.02,-0.3892,4690
700479,7459074,1.0085,0.02,-1.0085,4691
700467,7459035,-0.4551,0.02,0.4551,4692
700408.6254,7459043.409,-0.3475,0.02,0.3475,4693
700448,7459079.5,0.8425,0.02,-0.8425,4694
700437.8127,7459039.205,-0.4064,0.02,0.4064,4695
700328.25,7458974.25,2.4,0.02,-2.4,4696
700310.5,7458977,-1.0073,0.02,1.0073,4697
700350,7458995.5,-0.9673,0.02,0.9673,4698
700341,7458997,-0.9872,0.02,0.9872,4699
700527.25625,7458957.0805,-0.4,0.02,0.4,4700
700548.5125,7458944.161,-1.2342,0.02,1.2342,4701
700504.6281,7458922.29,-0.4,0.02,0.4,4702
700524.2563,7458909.581,-1.1248,0.02,1.1248,4703
700359,7458994,-0.9327,0.02,0.9327,4704
700346,7458971.5,-0.4,0.02,0.4,4705
700379.6254,7458997.909,-0.4,0.02,0.4,4706
700368.5952,7458971.009,-0.4,0.02,0.4,4707
700506,7458970,-0.4,0.02,0.4,4708
700480.5,7458983,-0.4,0.02,0.4,4709
700485,7458935,-0.4,0.02,0.4,4710
700462.4903,7458946.363,-0.4,0.02,0.4,4711
700400.2508,7459001.818,-0.4,0.02,0.4,4712
700455,7458996,-0.4,0.02,0.4,4713
700439.98055,7458957.7255,-0.4,0.02,0.4,4714
700391.1904,7458970.5185,-0.4,0.02,0.4,4715
700427.6254,7458998.909,-0.4,0.02,0.4,4716
700415.5855,7458964.122,-0.4,0.02,0.4,4717
700306.5,7458953,-2.4,0.02,2.4,4718
700280,7458957,-1.1106,0.02,1.1106,4719
700482,7458887.5,-0.4,0.02,0.4,4720
700500,7458875,-1.0581,0.02,1.0581,4721
700333,7458949,-0.4,0.02,0.4,4722
700357.565,7458944.1095,-0.4,0.02,0.4,4723
700464,7458900,-0.4,0.02,0.4,4724
700444.48055,7458909.7255,-0.4,0.02,0.4,4725
700382.13,7458939.219,-0.4,0.02,0.4,4726
700424.9611,7458919.451,-0.4,0.02,0.4,4727
700403.54555,7458929.335,-0.4,0.02,0.4,4728
700304,7458929.75,-2.4,0.02,2.4,4729
700282,7458934.5,-1.1041,0.02,1.1041,4730
700467.4607,7458861.538,-0.4,0.02,0.4,4731
700487.4214,7458858.577,-1.1202,0.02,1.1202,4732
700452.9214,7458835.577,-1.2038,0.02,1.2038,4733
700474.8428,7458842.153,-1.2229,0.02,1.2229,4734
700326,7458925,-0.4,0.02,0.4,4735
700348.2825,7458920.305,-0.4,0.02,0.4,4736
700447.5,7458864.5,-0.4,0.02,0.4,4737
700429.2403,7458879.613,-0.4,0.02,0.4,4738
700370.565,7458915.6095,-0.4,0.02,0.4,4739
700410.98055,7458894.7255,-0.4,0.02,0.4,4740
700390.7728,7458905.168,-0.4,0.02,0.4,4741
700301.5,7458906.5,-1.4,0.02,1.4,4742
700284,7458912,-1.1894,0.02,1.1894,4743
700319,7458901,-1.4,0.02,1.4,4744
700339,7458896.5,-1.4,0.02,1.4,4745
700431,7458829,-1.1352,0.02,1.1352,4746
700414,7458849.5,-0.3,0.02,0.3,4747
700359,7458892,-1.4,0.02,1.4,4748
700397,7458870,-0.3,0.02,0.3,4749
700378,7458881,-1.4,0.02,1.4,4750
700292.5,7458882.5,-1.4,0.02,1.4,4751
700283.5,7458858.5,-1.1955,0.02,1.1955,4752
700278,7458888.5,-1.324,0.02,1.324,4753
700272,7458865,-1.2695,0.02,1.2695,4754
700307,7458876.5,-1.4,0.02,1.4,4755
700326.25,7458872.5,-1.4,0.02,1.4,4756
700396.1722,7458831.796,-0.3,0.02,0.3,4757
700411.3445,7458815.593,-1.0033,0.02,1.0033,4758
700345.5,7458868.5,-1.4,0.02,1.4,4759
700381,7458848,-0.3,0.02,0.3,4760
700363.25,7458858.25,-1.4,0.02,1.4,4761
700295,7458852,-2.8,0.15,2.8,4762
700313.5,7458848.5,-1.4,0.02,1.4,4763
700378.3445,7458814.0925,-0.3,0.02,0.3,4764
700391.689,7458802.185,-0.7596,0.02,0.7596,4765
700332,7458845,-1.4,0.02,1.4,4766
700365,7458826,-0.3,0.02,0.3,4767
700348.5,7458835.5,-1.4,0.02,1.4,4768
700298.5,7458831,-1.4,0.02,1.4,4769
700281.5,7458836.5,-2.8,0.15,2.8,4770
700362.2994,7458800.371,-0.3,0.02,0.3,4771
700372.9144,7458793.014,-0.4607,0.02,0.4607,4772
700346.2544,7458786.65,-0.3221,0.02,0.3221,4773
700354.1397,7458783.842,-0.2487,0.02,0.2487,4774
700351.6845,7458807.729,-0.3,0.02,0.3,4775
700315.5,7458825.5,-1.4,0.02,1.4,4776
700333.5922,7458816.614,-1.4,0.02,1.4,4777
700283.5,7458813.5,-1.4,0.02,1.4,4778
700268,7458821,-2.8,0.15,2.8,4779
700299,7458806,-0.3,0.02,0.3,4780
700338.369,7458789.458,-2.8,0.15,2.8,4781
700318.6845,7458797.729,-0.3,0.02,0.3,4782
700264,7458799.75,-1.4,0.02,1.4,4783
700250.5,7458809,-2.8,0.15,2.8,4784
700277.5,7458790.5,-0.3,0.02,0.3,4785
700293.3422,7458780.614,-0.3,0.02,0.3,4786
700309.1845,7458770.729,-2.8,0.15,2.8,4787
700244.5,7458786,-0.3,0.02,0.3,4788
700233,7458797,-2.8,0.15,2.8,4789
700223.5065,7458772.278,-0.3,0.02,0.3,4790
700214.013,7458784.556,-2.8,0.15,2.8,4791
700256,7458775,-0.3,0.02,0.3,4792
700268,7458763.5,-0.3,0.02,0.3,4793
700280,7458752,-2.8,0.15,2.8,4794
700233,7458760,-0.3,0.02,0.3,4795
700243.5,7458748.5,-0.3,0.02,0.3,4796
700254,7458737,-2.8,0.15,2.8,4797
700129.7901,7458793.166,0.1309,0.02,-0.1309,4798
700155.5803,7458813.832,-0.2254,0.02,0.2254,4799
700152.0803,7458760.832,-0.5,0.15,0.5,4800
700176.1606,7458775.664,-0.5,0.15,0.5,4801
700107.5,7458825.5,0.4997,0.02,-0.4997,4802
700135,7458852,-0.3117,0.02,0.3117,4803
700083.25,7458854.25,0.812,0.02,-0.812,4804
700112,7458886,-0.1194,0.02,0.1194,4805
700202.513,7458758.556,-0.3,0.02,0.3,4806
700195.026,7458772.112,-2.8,0.15,2.8,4807
700179.5065,7458745.028,-0.3,0.02,0.3,4808
700173.513,7458759.056,-2.8,0.15,2.8,4809
700210,7458745,-2.4,0.02,2.4,4810
700185.5,7458731,-2.4,0.02,2.4,4811
700219,7458733.5,-2.4,0.02,2.4,4812
700228,7458722,-2.8,0.15,2.8,4813
700194.47,7458720.685,-2.4,0.02,2.4,4814
700203.4399,7458710.3695,-2.8,0.15,2.8,4815
700104,7458772.5,0.8087,0.02,-0.8087,4816
700128,7458746,-0.5,0.15,0.5,4817
700088.25,7458756.5,1.2734,0.02,-1.2734,4818
700115,7458737.5,-0.5,0.15,0.5,4819
700080,7458799,1.2493,0.02,-1.2493,4820
700054.5,7458822.5,1.7416,0.02,-1.7416,4821
700061.5,7458775.5,1.8013,0.02,-1.8013,4822
700032,7458794.25,2.3716,0.02,-2.3716,4823
700059,7458883,0.974,0.02,-0.974,4824
700089,7458920,-0.0967,0.02,0.0967,4825
700030.5097,7458914.076,0.8927,0.02,-0.8927,4826
700064.0194,7458953.152,-0.194,0.02,0.194,4827
700029,7458846,2.1321,0.02,-2.1321,4828
699997,7458875,2.1942,0.02,-2.1942,4829
700002.5,7458813,2.8431,0.02,-2.8431,4830
699968.75,7458836.75,3.2209,0.02,-3.2209,4831
700002.0194,7458945.152,0.6649,0.02,-0.6649,4832
700039.0388,7458986.304,-0.3052,0.02,0.3052,4833
699971.7597,7458973.326,0.7205,0.02,-0.7205,4834
700007.5194,7459016.652,-0.2409,0.02,0.2409,4835
700072.5,7458740.5,1.7882,0.02,-1.7882,4836
700102,7458729,-2.8,0.15,2.8,4837
700067.75,7458724,2.0369,0.02,-2.0369,4838
700101,7458722,-2.8,0.15,2.8,4839
700156.5,7458731.5,-0.3,0.02,0.3,4840
700152,7458746,-2.8,0.15,2.8,4841
700129.5,7458715.25,-0.3,0.02,0.3,4842
700126,7458730.5,-2.8,0.15,2.8,4843
700161,7458717,-2.4,0.02,2.4,4844
700133,7458700,-2.4,0.02,2.4,4845
700169.9399,7458707.8695,-2.4,0.02,2.4,4846
700178.8798,7458698.739,-2.8,0.15,2.8,4847
700144.018,7458692.351,-2.4,0.02,2.4,4848
700155.036,7458684.701,-2.8,0.15,2.8,4849
700043,7458752,2.4732,0.02,-2.4732,4850
700009.5,7458766,3.0778,0.02,-3.0778,4851
700034.5,7458726,2.9785,0.02,-2.9785,4852
699995.5,7458734.5,3.7353,0.02,-3.7353,4853
699976,7458780,3.5632,0.02,-3.5632,4854
699940.5,7458798.5,4.055,0.02,-4.055,4855
699956.5,7458743,4.4112,0.02,-4.4112,4856
699920.25,7458764.25,4.8562,0.02,-4.8562,4857
699941.5,7459001.5,0.697,0.02,-0.697,4858
699976,7459047,-0.1802,0.02,0.1802,4859
699913.25,7459030.5,0.6039,0.02,-0.6039,4860
699949,7459075.5,-0.0722,0.02,0.0722,4861
699885,7459059.5,0.6328,0.02,-0.6328,4862
699922,7459104,-0.15,0.02,0.15,4863
699845.25,7459092.5,0.6298,0.02,-0.6298,4864
699881.5,7459136,-0.0278,0.02,0.0278,4865
699965,7458904,2.1319,0.02,-2.1319,4866
699936,7458930,2.0506,0.02,-2.0506,4867
699935,7458860.5,3.3538,0.02,-3.3538,4868
699902.3622,7458886.558,3.4689,0.02,-3.4689,4869
699905,7458817,4.4867,0.02,-4.4867,4870
699884,7458785.5,5.3312,0.02,-5.3312,4871
699868.7243,7458843.116,4.8374,0.02,-4.8374,4872
699844.6122,7458811.058,5.7881,0.02,-5.7881,4873
699907,7458956,2.0426,0.02,-2.0426,4874
699877.5,7458985.5,2.0518,0.02,-2.0518,4875
699869.7243,7458912.616,3.633,0.02,-3.633,4876
699833.6122,7458946.558,3.7394,0.02,-3.7394,4877
700026,7458700,3.5537,0.02,-3.5537,4878
700100,7458715,-2.8,0.15,2.8,4879
699981.5,7458703,4.4019,0.02,-4.4019,4880
700032.5,7458670,3.6816,0.02,-3.6816,4881
700063,7458707.5,2.2981,0.02,-2.2981,4882
700102.5,7458699,-0.3,0.02,0.3,4883
699993.5,7458672.5,4.5233,0.02,-4.5233,4884
700067.5,7458684.5,2.3144,0.02,-2.3144,4885
700225.6421,7458655.349,-0.6414,0.02,0.6414,4886
700207.4692,7458695.721,-0.5,0.15,0.5,4887
700257.0343,7458672.324,-1.1962,0.02,1.1962,4888
700232.4385,7458711.693,-0.5,0.15,0.5,4889
700105,7458683,-0.4,0.02,0.4,4890
700118.0961,7458676.8315,-0.4,0.02,0.4,4891
700072,7458661.5,2.5242,0.02,-2.5242,4892
700088.7981,7458647.416,2.3532,0.02,-2.3532,4893
700194.24995,7458638.3745,0.2465,0.02,-0.2465,4894
700182.4999,7458679.749,-0.5,0.15,0.5,4895
700170.5115,7458628.098,1.0266,0.02,-1.0266,4896
700167.52305,7458668.1965,-0.5,0.15,0.5,4897
700131.1922,7458670.663,-2.8,0.15,2.8,4898
700146.7731,7458617.822,1.8468,0.02,-1.8468,4899
700152.5462,7458656.644,-2.8,0.15,2.8,4900
700105.5961,7458633.3315,2.3141,0.02,-2.3141,4901
700126.1846,7458625.577,2.1068,0.02,-2.1068,4902
700141.8692,7458663.6535,-2.8,0.15,2.8,4903
700243.81505,7458614.9775,-0.4624,0.02,0.4624,4904
700281.6301,7458632.955,-0.9192,0.02,0.9192,4905
700263.3385,7458568.896,-0.1859,0.02,0.1859,4906
700305.1771,7458586.291,-0.6683,0.02,0.6683,4907
700282.862,7458522.814,0.1676,0.02,-0.1676,4908
700328.724,7458539.627,-0.5194,0.02,0.5194,4909
700302.6533,7458473.81,0.3026,0.02,-0.3026,4910
700354.8067,7458487.621,-0.5171,0.02,0.5171,4911
700322.4447,7458424.807,0.2588,0.02,-0.2588,4912
700380.8893,7458435.614,-0.569,0.02,0.569,4913
700330.4723,7458375.153,0.2571,0.02,-0.2571,4914
700386.4447,7458385.307,-0.5195,0.02,0.5195,4915
700338.5,7458325.5,0.2454,0.02,-0.2454,4916
700392,7458335,-0.4657,0.02,0.4657,4917
700342.6094,7458278.103,0.2308,0.02,-0.2308,4918
700398.7188,7458289.706,-0.4413,0.02,0.4413,4919
700346.7188,7458230.706,0.1543,0.02,-0.1543,4920
700405.4376,7458244.412,-0.5135,0.02,0.5135,4921
700346.9517,7458180.438,0.1754,0.02,-0.1754,4922
700403.9034,7458190.876,-0.5181,0.02,0.5181,4923
700347.1846,7458130.17,0.1846,0.02,-0.1846,4924
700402.3691,7458137.34,-0.5097,0.02,0.5097,4925
700337.3435,7458084.733,0.2409,0.02,-0.2409,4926
700380.687,7458091.966,-0.3941,0.02,0.3941,4927
700327.5025,7458039.296,-0.0309,0.02,0.0309,4928
700359.0049,7458046.592,-0.5595,0.02,0.5595,4929
700005.5,7458642,4.5336,0.02,-4.5336,4930
699985.3828,7458607.676,5.2431,0.02,-5.2431,4931
699972,7458644,5.1915,0.02,-5.1915,4932
699956.6645,7458617.354,5.7399,0.02,-5.7399,4933
699954.5,7458675,5.2632,0.02,-5.2632,4934
699932.3322,7458644.177,5.9878,0.02,-5.9878,4935
699937,7458706,5.2481,0.02,-5.2481,4936
699908,7458671,6.2166,0.02,-6.2166,4937
699900,7458730,5.7276,0.02,-5.7276,4938
699873.75,7458693,6.6961,0.02,-6.6961,4939
699863,7458754,6.1928,0.02,-6.1928,4940
699820.5,7458779,6.7605,0.02,-6.7605,4941
699839.5,7458715,7.173,0.02,-7.173,4942
699800,7458740,7.7112,0.02,-7.7112,4943
699760.5,7458765,8.2179,0.02,-8.2179,4944
699725.75,7458778.25,8.7798,0.02,-8.7798,4945
699805.5,7459125.5,0.4431,0.02,-0.4431,4946
699841,7459168,-0.1864,0.02,0.1864,4947
699758.75,7459156.5,0.4877,0.02,-0.4877,4948
699793,7459199,-0.3682,0.02,0.3682,4949
699848,7459015,2.0332,0.02,-2.0332,4950
699797.5,7458980.5,3.745,0.02,-3.745,4951
699809,7459049,1.952,0.02,-1.952,4952
699763.25,7459015,3.5732,0.02,-3.5732,4953
699770,7459083,1.7983,0.02,-1.7983,4954
699724.5,7459114,1.8028,0.02,-1.8028,4955
699729,7459049.5,3.2976,0.02,-3.2976,4956
699690,7459080.5,3.1496,0.02,-3.1496,4957
699778,7458804,7.2672,0.02,-7.2672,4958
699832.4486,7458869.233,5.1244,0.02,-5.1244,4959
699789.7243,7458907.616,5.3198,0.02,-5.3198,4960
699805.2243,7458836.616,6.1837,0.02,-6.1837,4961
699734.5,7458813,8.0266,0.02,-8.0266,4962
699728.5,7458851,7.5008,0.02,-7.5008,4963
699759.1122,7458879.308,6.4041,0.02,-6.4041,4964
699747,7458946,5.4412,0.02,-5.4412,4965
699713,7458922,6.5353,0.02,-6.5353,4966
699717.5,7458981,5.2339,0.02,-5.2339,4967
699683,7458959.5,6.3235,0.02,-6.3235,4968
700039,7458640,3.8036,0.02,-3.8036,4969
700014.1012,7458597.998,4.7525,0.02,-4.7525,4970
700059.5,7458618,3.64,0.02,-3.64,4971
700037.0506,7458580.499,4.5111,0.02,-4.5111,4972
700141,7458579,2.8717,0.02,-2.8717,4973
700206,7458597,0.7529,0.02,-0.7529,4974
700080,7458596,3.5838,0.02,-3.5838,4975
700173.5,7458588,1.7825,0.02,-1.7825,4976
700221.5,7458551.5,0.9716,0.02,-0.9716,4977
700060,7458563,4.3678,0.02,-4.3678,4978
700110.5,7458587.5,3.2169,0.02,-3.2169,4979
700141,7458531.5,3.4195,0.02,-3.4195,4980
700181.25,7458541.5,2.2126,0.02,-2.2126,4981
700100.5,7458547.25,3.9258,0.02,-3.9258,4982
700237,7458506,1.0923,0.02,-1.0923,4983
700189,7458495,2.4474,0.02,-2.4474,4984
700250.5,7458460,1.1689,0.02,-1.1689,4985
700203.75,7458446.75,2.4231,0.02,-2.4231,4986
700264,7458414,1.2758,0.02,-1.2758,4987
700218.5,7458398.5,2.3329,0.02,-2.3329,4988
700274.5,7458365,1.313,0.02,-1.313,4989
700226,7458350.5,2.3465,0.02,-2.3465,4990
700285,7458316,1.2465,0.02,-1.2465,4991
700286.5,7458266.5,1.2632,0.02,-1.2632,4992
700233.5,7458302.5,2.2761,0.02,-2.2761,4993
700234.25,7458253.25,2.3453,0.02,-2.3453,4994
700288,7458217,1.2029,0.02,-1.2029,4995
700235,7458204,2.2862,0.02,-2.2862,4996
700290,7458170,1.1496,0.02,-1.1496,4997
700237.8525,7458154.465,2.1072,0.02,-2.1072,4998
700292,7458123,1.1705,0.02,-1.1705,4999
700240.705,7458104.929,2.1341,0.02,-2.1341,5000
700294,7458077.5,1.0329,0.02,-1.0329,5001
700296,7458032,0.345,0.02,-0.345,5002
700245.8525,7458062.215,1.7745,0.02,-1.7745,5003
700251,7458019.5,0.5975,0.02,-0.5975,5004
700014.6012,7458542.998,5.316,0.02,-5.316,5005
699994.0506,7458512.999,6.028,0.02,-6.028,5006
699989.2023,7458555.995,5.6682,0.02,-5.6682,5007
699968.1012,7458524.998,6.3948,0.02,-6.3948,5008
699965.2657,7458573.351,5.9651,0.02,-5.9651,5009
699943.8828,7458540.176,6.7069,0.02,-6.7069,5010
699941.329,7458590.707,6.2892,0.02,-6.2892,5011
699919.6645,7458555.354,7.0361,0.02,-7.0361,5012
699910.1645,7458613.354,6.7228,0.02,-6.7228,5013
699888.0822,7458576.927,7.4561,0.02,-7.4561,5014
699879,7458636,7.1457,0.02,-7.1457,5015
699847.5,7458656,7.6081,0.02,-7.6081,5016
699856.5,7458598.5,7.9003,0.02,-7.9003,5017
699823.75,7458619.5,8.3961,0.02,-8.3961,5018
699816,7458676,8.0914,0.02,-8.0914,5019
699779.5,7458701,8.5583,0.02,-8.5583,5020
699791,7458640.5,8.8489,0.02,-8.8489,5021
699755.75,7458664,9.2915,0.02,-9.2915,5022
699720.5,7458687.5,9.8012,0.02,-9.8012,5023
699743,7458726,9.083,0.02,-9.083,5024
699717,7458743.5,9.4253,0.02,-9.4253,5025
699704.5,7458708.5,9.9872,0.02,-9.9872,5026
699682.25,7458728.75,10.2711,0.02,-10.2711,5027
699691,7458761,9.7454,0.02,-9.7454,5028
699691,7458791.5,9.3066,0.02,-9.3066,5029
699660,7458749,10.258,0.02,-10.258,5030
699651.75,7458781.5,9.9761,0.02,-9.9761,5031
699712,7459187.5,0.4255,0.02,-0.4255,5032
699745,7459230,-0.3551,0.02,0.3551,5033
699666.3321,7459214.476,0.4423,0.02,-0.4423,5034
699698,7459256.5,-0.4672,0.02,0.4672,5035
699691,7458822,8.7753,0.02,-8.7753,5036
699643.5,7458814,9.5727,0.02,-9.5727,5037
699685,7458860,8.198,0.02,-8.198,5038
699632.5,7458850,9.1629,0.02,-9.1629,5039
699679,7459145,1.768,0.02,-1.768,5040
699651,7459111.5,2.8712,0.02,-2.8712,5041
699634.6642,7459172.452,1.8304,0.02,-1.8304,5042
699612.8392,7459133.051,2.9295,0.02,-2.9295,5043
699688,7459016,4.9044,0.02,-4.9044,5044
699623,7459078,4.0003,0.02,-4.0003,5045
699655.5,7459047,4.4108,0.02,-4.4108,5046
699653,7458997,5.8506,0.02,-5.8506,5047
699591.0143,7459093.649,4.0066,0.02,-4.0066,5048
699586.5,7459055.5,4.9481,0.02,-4.9481,5049
699619.75,7459026.25,5.4027,0.02,-5.4027,5050
699679,7458898,7.6041,0.02,-7.6041,5051
699621.5,7458886,8.7766,0.02,-8.7766,5052
699648.5,7458938,7.3,0.02,-7.3,5053
699600,7458926.5,8.2726,0.02,-8.2726,5054
699618,7458978,6.7651,0.02,-6.7651,5055
699584,7459005.5,6.4388,0.02,-6.4388,5056
699578.5,7458967,7.579,0.02,-7.579,5057
700040,7458530,5.0302,0.02,-5.0302,5058
700020,7458501,5.6707,0.02,-5.6707,5059
700090.5,7458507,4.4634,0.02,-4.4634,5060
700066.25,7458477,5.1275,0.02,-5.1275,5061
700141,7458484,3.7761,0.02,-3.7761,5062
700157,7458433.5,3.649,0.02,-3.649,5063
700112.5,7458453,4.482,0.02,-4.482,5064
700120.75,7458408.5,4.5212,0.02,-4.5212,5065
700173,7458383,3.4412,0.02,-3.4412,5066
700129,7458364,4.4392,0.02,-4.4392,5067
700177.5,7458336,3.4535,0.02,-3.4535,5068
700133.25,7458319.25,4.4625,0.02,-4.4625,5069
700182,7458289,3.4983,0.02,-3.4983,5070
700137.5,7458274.5,4.6354,0.02,-4.6354,5071
700182,7458240,3.7029,0.02,-3.7029,5072
700138.75,7458226.75,4.9108,0.02,-4.9108,5073
700182,7458191,3.7453,0.02,-3.7453,5074
700140,7458179,4.771,0.02,-4.771,5075
700185.705,7458138.929,3.2122,0.02,-3.2122,5076
700144.3525,7458127.715,3.8349,0.02,-3.8349,5077
700189.41,7458086.859,2.5289,0.02,-2.5289,5078
700148.705,7458076.429,2.6656,0.02,-2.6656,5079
700197.705,7458046.929,1.8312,0.02,-1.8312,5080
700206,7458007,0.7431,0.02,-0.7431,5081
700157.1025,7458026.465,1.7232,0.02,-1.7232,5082
700165.5,7457976.5,0.77,0.02,-0.77,5083
700042,7458447,5.7499,0.02,-5.7499,5084
700011,7458440,6.3238,0.02,-6.3238,5085
700000,7458472,6.3182,0.02,-6.3182,5086
699973.5,7458483,6.679,0.02,-6.679,5087
699981.5,7458440.5,6.8262,0.02,-6.8262,5088
699951.25,7458448,7.3067,0.02,-7.3067,5089
699947,7458494,7.0571,0.02,-7.0571,5090
699922.5,7458507,7.401,0.02,-7.401,5091
699921,7458455.5,7.7876,0.02,-7.7876,5092
699897,7458469.25,8.1182,0.02,-8.1182,5093
699898,7458520,7.7482,0.02,-7.7482,5094
699873,7458483,8.4373,0.02,-8.4373,5095
699866,7458540.5,8.1636,0.02,-8.1636,5096
699841,7458504,8.8679,0.02,-8.8679,5097
699834,7458561,8.6081,0.02,-8.6081,5098
699800,7458583,9.1015,0.02,-9.1015,5099
699809,7458525,9.3153,0.02,-9.3153,5100
699775,7458547.25,9.5867,0.02,-9.5867,5101
699766,7458605,9.4324,0.02,-9.4324,5102
699732,7458627,9.8445,0.02,-9.8445,5103
699741,7458569.5,9.891,0.02,-9.891,5104
699707.5,7458592,10.2636,0.02,-10.2636,5105
699698,7458649,10.3251,0.02,-10.3251,5106
699674,7458614.5,10.6571,0.02,-10.6571,5107
699682,7458670,10.5214,0.02,-10.5214,5108
699653.5,7458637.75,10.8439,0.02,-10.8439,5109
699666,7458691,10.6042,0.02,-10.6042,5110
699633,7458661,11.0143,0.02,-11.0143,5111
699647.5,7458714,10.6777,0.02,-10.6777,5112
699611.25,7458688,11.1503,0.02,-11.1503,5113
699629,7458737,10.7121,0.02,-10.7121,5114
699589.5,7458715,11.2374,0.02,-11.2374,5115
699612.5,7458771.5,10.5528,0.02,-10.5528,5116
699571,7458751,11.1721,0.02,-11.1721,5117
699596,7458806,10.3267,0.02,-10.3267,5118
699580,7458840,10.0825,0.02,-10.0825,5119
699552.5,7458787,11.0086,0.02,-11.0086,5120
699534.25,7458825,10.7254,0.02,-10.7254,5121
699620.6642,7459241.452,0.6321,0.02,-0.6321,5122
699651,7459283,-0.3458,0.02,0.3458,5123
699572.5821,7459263.226,0.6655,0.02,-0.6655,5124
699603,7459308,-0.5628,0.02,0.5628,5125
699590.3283,7459199.903,2.0612,0.02,-2.0612,5126
699574.6784,7459154.601,3.0407,0.02,-3.0407,5127
699542.1642,7459218.452,2.2547,0.02,-2.2547,5128
699523.3392,7459171.301,3.261,0.02,-3.261,5129
699564,7458874,9.8096,0.02,-9.8096,5130
699516,7458863,10.449,0.02,-10.449,5131
699551.5,7458915,9.2169,0.02,-9.2169,5132
699496.75,7458909.75,10.0093,0.02,-10.0093,5133
699559.0286,7459109.299,4.0373,0.02,-4.0373,5134
699504.5143,7459124.149,4.2951,0.02,-4.2951,5135
699554.5143,7459071.149,4.9818,0.02,-4.9818,5136
699497.7571,7459083.075,5.3605,0.02,-5.3605,5137
699550,7459033,6.0848,0.02,-6.0848,5138
699539,7458956,8.4804,0.02,-8.4804,5139
699477.5,7458956.5,9.4123,0.02,-9.4123,5140
699491,7459042,6.6843,0.02,-6.6843,5141
699544.5,7458994.5,7.3495,0.02,-7.3495,5142
699484.25,7458999.25,8.1203,0.02,-8.1203,5143
700084,7458422,5.1254,0.02,-5.1254,5144
700084.5,7458383.5,5.2276,0.02,-5.2276,5145
700053,7458415,5.7105,0.02,-5.7105,5146
700051,7458378,5.8587,0.02,-5.8587,5147
700085,7458345,5.3151,0.02,-5.3151,5148
700049,7458341,6.011,0.02,-6.011,5149
700089,7458302.5,5.3723,0.02,-5.3723,5150
700050.75,7458298,6.1324,0.02,-6.1324,5151
700093,7458260,5.5481,0.02,-5.5481,5152
700052.5,7458255,6.3092,0.02,-6.3092,5153
700095.5,7458213.5,5.7156,0.02,-5.7156,5154
700053.5,7458208.75,6.426,0.02,-6.426,5155
700098,7458167,5.4284,0.02,-5.4284,5156
700054.5,7458162.5,6.2241,0.02,-6.2241,5157
700103,7458116.5,4.5537,0.02,-4.5537,5158
700057.25,7458112.75,5.6548,0.02,-5.6548,5159
700108,7458066,3.4548,0.02,-3.4548,5160
700060,7458063,4.9159,0.02,-4.9159,5161
700116.5,7458006,2.4475,0.02,-2.4475,5162
700063.1047,7458006.682,4.1367,0.02,-4.1367,5163
700125,7457946,0.7035,0.02,-0.7035,5164
700066.2094,7457950.364,2.5784,0.02,-2.5784,5165
700061.3792,7457912.952,1.8195,0.02,-1.8195,5166
700056.5489,7457875.54,1.3331,0.02,-1.3331,5167
700118.0201,7457917.984,0.3148,0.02,-0.3148,5168
700111.0401,7457889.969,0.1246,0.02,-0.1246,5169
700022,7458408,6.2896,0.02,-6.2896,5170
700017.5,7458372.5,6.4885,0.02,-6.4885,5171
699992.5,7458408.5,6.7935,0.02,-6.7935,5172
699986.4841,7458372.269,7.0346,0.02,-7.0346,5173
699963,7458409,7.297,0.02,-7.297,5174
699929,7458413,7.8609,0.02,-7.8609,5175
699955.4682,7458372.038,7.5809,0.02,-7.5809,5176
699918.7341,7458375.519,8.2107,0.02,-8.2107,5177
699895,7458417,8.4055,0.02,-8.4055,5178
699871.5,7458431.5,8.7228,0.02,-8.7228,5179
699882,7458379,8.7666,0.02,-8.7666,5180
699854.25,7458395,9.1389,0.02,-9.1389,5181
699848,7458446,9.0501,0.02,-9.0501,5182
699816,7458467.5,9.501,0.02,-9.501,5183
699826.5,7458411,9.5343,0.02,-9.5343,5184
699793.25,7458432,9.9209,0.02,-9.9209,5185
699784,7458489,9.7564,0.02,-9.7564,5186
699750,7458511.5,9.9363,0.02,-9.9363,5187
699760,7458453,10.0198,0.02,-10.0198,5188
699725.25,7458476,10.1335,0.02,-10.1335,5189
699716,7458534,10.2008,0.02,-10.2008,5190
699683,7458557,10.5549,0.02,-10.5549,5191
699690.5,7458499,10.3763,0.02,-10.3763,5192
699657,7458523,10.7986,0.02,-10.7986,5193
699650,7458580,10.9178,0.02,-10.9178,5194
699625,7458605.5,11.1635,0.02,-11.1635,5195
699623.5,7458547,11.1887,0.02,-11.1887,5196
699595,7458574,11.4966,0.02,-11.4966,5197
699600,7458631,11.3939,0.02,-11.3939,5198
699566.5,7458601,11.7512,0.02,-11.7512,5199
699575,7458662,11.5797,0.02,-11.5797,5200
699541.25,7458633.75,11.9023,0.02,-11.9023,5201
699550,7458693,11.6508,0.02,-11.6508,5202
699529.5,7458730.5,11.6164,0.02,-11.6164,5203
699516,7458666.5,11.9982,0.02,-11.9982,5204
699494,7458704,11.9909,0.02,-11.9909,5205
699509,7458768,11.4731,0.02,-11.4731,5206
699488.5,7458810,11.2764,0.02,-11.2764,5207
699472,7458741.5,11.9312,0.02,-11.9312,5208
699452.5,7458783.25,11.7328,0.02,-11.7328,5209
699468,7458852,11.0737,0.02,-11.0737,5210
699442,7458904.5,10.6945,0.02,-10.6945,5211
699433,7458825,11.6109,0.02,-11.6109,5212
699409.25,7458871,11.3812,0.02,-11.3812,5213
699524.5,7459285,0.7235,0.02,-0.7235,5214
699555,7459333,-0.7375,0.02,0.7375,5215
699473.25,7459303.25,0.6938,0.02,-0.6938,5216
699500.5,7459353.5,-0.8795,0.02,0.8795,5217
699494,7459237,2.4387,0.02,-2.4387,5218
699472,7459188,3.5053,0.02,-3.5053,5219
699446,7459253,2.7114,0.02,-2.7114,5220
699423.75,7459202.5,3.6707,0.02,-3.6707,5221
699450,7459139,4.5449,0.02,-4.5449,5222
699441,7459095,5.7659,0.02,-5.7659,5223
699401.5,7459152,4.7187,0.02,-4.7187,5224
699391.75,7459107.75,6.171,0.02,-6.171,5225
699385.5,7458917,11.0851,0.02,-11.0851,5226
699347,7458940.25,11.1699,0.02,-11.1699,5227
699416,7458957,10.1451,0.02,-10.1451,5228
699432,7459051,7.4209,0.02,-7.4209,5229
699424,7459004,8.9071,0.02,-8.9071,5230
699367,7458975,10.3708,0.02,-10.3708,5231
699382,7459063.5,7.9268,0.02,-7.9268,5232
699374.5,7459019.25,9.3239,0.02,-9.3239,5233
700013,7458337,6.6897,0.02,-6.6897,5234
699980.4682,7458336.038,7.2596,0.02,-7.2596,5235
700012.5,7458293.5,6.8522,0.02,-6.8522,5236
699975.6157,7458292.684,7.4696,0.02,-7.4696,5237
700012,7458250,7.0216,0.02,-7.0216,5238
699970.7631,7458249.331,7.6656,0.02,-7.6656,5239
700011.5,7458204,7.1005,0.02,-7.1005,5240
699968.3816,7458205.415,7.7344,0.02,-7.7344,5241
700011,7458158,6.9883,0.02,-6.9883,5242
699966,7458161.5,7.6807,0.02,-7.6807,5243
700011.5,7458109,6.6726,0.02,-6.6726,5244
699964.5,7458113.25,7.4792,0.02,-7.4792,5245
700012,7458060,6.2311,0.02,-6.2311,5246
699963,7458065,7.1965,0.02,-7.1965,5247
700009.7094,7458007.364,5.658,0.02,-5.658,5248
699960.6047,7458013.432,6.7473,0.02,-6.7473,5249
700007.4188,7457954.727,4.4106,0.02,-4.4106,5250
700004.7383,7457907.919,3.3357,0.02,-3.3357,5251
699958.2094,7457961.864,5.8871,0.02,-5.8871,5252
699953.6759,7457915.61,5.0089,0.02,-5.0089,5253
700002.0577,7457861.111,2.4357,0.02,-2.4357,5254
699949.1424,7457869.357,4.1489,0.02,-4.1489,5255
699949.5781,7457849.924,3.6428,0.02,-3.6428,5256
699947.9364,7458335.076,7.8286,0.02,-7.8286,5257
699908.4682,7458338.038,8.4952,0.02,-8.4952,5258
699938.7313,7458291.869,8.0855,0.02,-8.0855,5259
699899.1157,7458297.934,8.6955,0.02,-8.6955,5260
699869,7458341,9.0601,0.02,-9.0601,5261
699837,7458358.5,9.5075,0.02,-9.5075,5262
699859.5,7458304,9.24,0.02,-9.24,5263
699823.75,7458320.75,9.7282,0.02,-9.7282,5264
699805,7458376,9.9458,0.02,-9.9458,5265
699770.5,7458396.5,10.1833,0.02,-10.1833,5266
699788,7458337.5,10.1637,0.02,-10.1637,5267
699751.25,7458358.25,10.4555,0.02,-10.4555,5268
699736,7458417,10.3343,0.02,-10.3343,5269
699700.5,7458440.5,10.4089,0.02,-10.4089,5270
699714.5,7458379,10.6628,0.02,-10.6628,5271
699677.25,7458403,10.8678,0.02,-10.8678,5272
699665,7458464,10.6359,0.02,-10.6359,5273
699631,7458489,11.0874,0.02,-11.0874,5274
699640,7458427,11.1982,0.02,-11.1982,5275
699604.5,7458453.5,11.5063,0.02,-11.5063,5276
699597,7458514,11.4817,0.02,-11.4817,5277
699569,7458480,11.8649,0.02,-11.8649,5278
699565,7458542.5,11.8157,0.02,-11.8157,5279
699536,7458510,12.1507,0.02,-12.1507,5280
699533,7458571,12.0917,0.02,-12.0917,5281
699503,7458540,12.4323,0.02,-12.4323,5282
699507.5,7458605.5,12.2432,0.02,-12.2432,5283
699475.5,7458575.25,12.6057,0.02,-12.6057,5284
699482,7458640,12.3438,0.02,-12.3438,5285
699448,7458610.5,12.6797,0.02,-12.6797,5286
699458.5,7458677.5,12.3559,0.02,-12.3559,5287
699423,7458648.5,12.6577,0.02,-12.6577,5288
699435,7458715,12.2827,0.02,-12.2827,5289
699398,7458686.5,12.6026,0.02,-12.6026,5290
699416.5,7458756.5,12.1121,0.02,-12.1121,5291
699376.75,7458727,12.4945,0.02,-12.4945,5292
699398,7458798,11.9743,0.02,-11.9743,5293
699355.5,7458767.5,12.3541,0.02,-12.3541,5294
699376.5,7458837.5,11.9911,0.02,-11.9911,5295
699333.5,7458807.25,12.3574,0.02,-12.3574,5296
699355,7458877,11.8149,0.02,-11.8149,5297
699327,7458905.5,11.7039,0.02,-11.7039,5298
699311.5,7458847,12.311,0.02,-12.311,5299
699287.25,7458878.25,12.2114,0.02,-12.2114,5300
699422,7459321.5,0.8214,0.02,-0.8214,5301
699446,7459374,-1.1042,0.02,1.1042,5302
699369.75,7459339.25,0.8619,0.02,-0.8619,5303
699392,7459392.5,-1.0424,0.02,1.0424,5304
699263,7458909.5,12.0745,0.02,-12.0745,5305
699398,7459269,2.7078,0.02,-2.7078,5306
699375.5,7459217,3.7857,0.02,-3.7857,5307
699347.5,7459286,2.8245,0.02,-2.8245,5308
699326.25,7459232,3.9036,0.02,-3.9036,5309
699250.5,7458929,11.9604,0.02,-11.9604,5310
699299,7458934,11.5749,0.02,-11.5749,5311
699308.5,7458963.5,11.0943,0.02,-11.0943,5312
699251.5,7458947,11.7568,0.02,-11.7568,5313
699258.5,7458977.75,11.2882,0.02,-11.2882,5314
699353,7459165,4.9042,0.02,-4.9042,5315
699305,7459178,5.1873,0.02,-5.1873,5316
699342.5,7459120.5,6.4575,0.02,-6.4575,5317
699294,7459134.5,6.5907,0.02,-6.5907,5318
699332,7459076,8.2275,0.02,-8.2275,5319
699318,7458993,10.5622,0.02,-10.5622,5320
699283,7459091,8.264,0.02,-8.264,5321
699265.5,7459008.5,10.7147,0.02,-10.7147,5322
699325,7459034.5,9.6256,0.02,-9.6256,5323
699274.25,7459049.75,9.7599,0.02,-9.7599,5324
699929.5262,7458248.661,8.3086,0.02,-8.3086,5325
699889.7631,7458257.831,8.8599,0.02,-8.8599,5326
699925.2631,7458206.831,8.3707,0.02,-8.3707,5327
699882.8816,7458216.165,8.9529,0.02,-8.9529,5328
699921,7458165,8.3689,0.02,-8.3689,5329
699876,7458174.5,9.0172,0.02,-9.0172,5330
699917.5,7458117.5,8.2721,0.02,-8.2721,5331
699870.25,7458128,9.0137,0.02,-9.0137,5332
699914,7458070,8.1356,0.02,-8.1356,5333
699864.5,7458081.5,8.9518,0.02,-8.9518,5334
699911.5,7458019.5,7.8163,0.02,-7.8163,5335
699860.25,7458032,8.7558,0.02,-8.7558,5336
699909,7457969,7.2099,0.02,-7.2099,5337
699856,7457982.5,8.2678,0.02,-8.2678,5338
699902.6135,7457923.302,6.5467,0.02,-6.5467,5339
699848.3068,7457933.651,7.642,0.02,-7.642,5340
699896.227,7457877.604,5.7054,0.02,-5.7054,5341
699840.6135,7457884.802,6.8295,0.02,-6.8295,5342
699896.6627,7457858.17,5.187,0.02,-5.187,5343
699897.0984,7457838.736,4.6676,0.02,-4.6676,5344
699839.1189,7457859.536,6.2887,0.02,-6.2887,5345
699837.6243,7457834.271,5.7403,0.02,-5.7403,5346
699850,7458267,9.3735,0.02,-9.3735,5347
699810.5,7458283,9.9047,0.02,-9.9047,5348
699840.5,7458225.5,9.5089,0.02,-9.5089,5349
699798.5,7458241.75,10.0423,0.02,-10.0423,5350
699771,7458299,10.3663,0.02,-10.3663,5351
699756.5,7458258,10.5341,0.02,-10.5341,5352
699732,7458320,10.7301,0.02,-10.7301,5353
699714.75,7458279.5,10.9936,0.02,-10.9936,5354
699693,7458341,11.0218,0.02,-11.0218,5355
699654,7458365.5,11.4109,0.02,-11.4109,5356
699673,7458301,11.4712,0.02,-11.4712,5357
699631.75,7458326.25,11.953,0.02,-11.953,5358
699615,7458390,11.7663,0.02,-11.7663,5359
699578,7458418,12.0524,0.02,-12.0524,5360
699590.5,7458351.5,12.3728,0.02,-12.3728,5361
699551.5,7458380.75,12.5928,0.02,-12.5928,5362
699541,7458446,12.2954,0.02,-12.2954,5363
699507,7458477.5,12.5268,0.02,-12.5268,5364
699512.5,7458410,12.7933,0.02,-12.7933,5365
699477,7458443,12.9905,0.02,-12.9905,5366
699473,7458509,12.8135,0.02,-12.8135,5367
699441.5,7458476,13.1334,0.02,-13.1334,5368
699443.5,7458545,12.9356,0.02,-12.9356,5369
699410,7458513.25,13.2811,0.02,-13.2811,5370
699414,7458581,12.9761,0.02,-12.9761,5371
699387.5,7458619.5,12.9755,0.02,-12.9755,5372
699378.5,7458550.5,13.3278,0.02,-13.3278,5373
699350.5,7458589.75,13.299,0.02,-13.299,5374
699361,7458658,12.927,0.02,-12.927,5375
699337,7458697.5,12.8478,0.02,-12.8478,5376
699322.5,7458629,13.2298,0.02,-13.2298,5377
699297.75,7458669.5,13.1871,0.02,-13.1871,5378
699313,7458737,12.7833,0.02,-12.7833,5379
699290.5,7458777,12.7495,0.02,-12.7495,5380
699273,7458710,13.1394,0.02,-13.1394,5381
699250.25,7458751,13.1119,0.02,-13.1119,5382
699268,7458817,12.706,0.02,-12.706,5383
699247.5,7458851,12.6116,0.02,-12.6116,5384
699227.5,7458792,13.0509,0.02,-13.0509,5385
699206.25,7458829.25,12.9102,0.02,-12.9102,5386
699317.5,7459357,0.5997,0.02,-0.5997,5387
699338,7459411,-1.1552,0.02,1.1552,5388
699263.5,7459372,0.6191,0.02,-0.6191,5389
699284.5,7459427,-1.1122,0.02,1.1122,5390
699227,7458885,12.4948,0.02,-12.4948,5391
699185,7458866.5,12.7642,0.02,-12.7642,5392
699214.5,7458904.5,12.3603,0.02,-12.3603,5393
699172,7458893,12.6201,0.02,-12.6201,5394
699297,7459303,2.7439,0.02,-2.7439,5395
699277,7459247,3.9701,0.02,-3.9701,5396
699242.5,7459317,2.6502,0.02,-2.6502,5397
699225,7459261.5,4.0318,0.02,-4.0318,5398
699202,7458924,12.2087,0.02,-12.2087,5399
699159,7458919.5,12.3976,0.02,-12.3976,5400
699203,7458942,12.0263,0.02,-12.0263,5401
699157.5,7458943,12.1635,0.02,-12.1635,5402
699257,7459191,5.3586,0.02,-5.3586,5403
699245.5,7459148.5,6.7356,0.02,-6.7356,5404
699207.5,7459206,5.4649,0.02,-5.4649,5405
699196,7459162.5,6.8889,0.02,-6.8889,5406
699204,7458960,11.7939,0.02,-11.7939,5407
699208.5,7458992,11.3696,0.02,-11.3696,5408
699156,7458966.5,11.8761,0.02,-11.8761,5409
699159.75,7459001.25,11.3995,0.02,-11.3995,5410
699213,7459024,10.7544,0.02,-10.7544,5411
699234,7459106,8.3624,0.02,-8.3624,5412
699223.5,7459065,9.7243,0.02,-9.7243,5413
699163.5,7459036,10.7737,0.02,-10.7737,5414
699184.5,7459119,8.4518,0.02,-8.4518,5415
699174,7459077.5,9.7584,0.02,-9.7584,5416
699831,7458184,9.6428,0.02,-9.6428,5417
699786.5,7458200.5,10.231,0.02,-10.231,5418
699823,7458138.5,9.7276,0.02,-9.7276,5419
699775.75,7458155.75,10.3772,0.02,-10.3772,5420
699815,7458093,9.7637,0.02,-9.7637,5421
699765,7458111,10.4541,0.02,-10.4541,5422
699809,7458044.5,9.6614,0.02,-9.6614,5423
699756.25,7458063.25,10.3888,0.02,-10.3888,5424
699803,7457996,9.278,0.02,-9.278,5425
699747.5,7458015.5,10.1341,0.02,-10.1341,5426
699794,7457944,8.6558,0.02,-8.6558,5427
699735.4438,7457961.734,9.6233,0.02,-9.6233,5428
699785,7457892,7.8481,0.02,-7.8481,5429
699723.3875,7457907.967,8.9156,0.02,-8.9156,5430
699781.5751,7457860.903,7.2531,0.02,-7.2531,5431
699778.1501,7457829.805,6.6119,0.02,-6.6119,5432
699715.4967,7457865.212,8.1472,0.02,-8.1472,5433
699707.6059,7457822.457,7.0498,0.02,-7.0498,5434
699742,7458217,10.7618,0.02,-10.7618,5435
699697.5,7458239,11.2694,0.02,-11.2694,5436
699728.5,7458173,10.969,0.02,-10.969,5437
699680.7583,7458194.473,11.5994,0.02,-11.5994,5438
699653,7458261,11.9143,0.02,-11.9143,5439
699633.0166,7458215.946,12.4005,0.02,-12.4005,5440
699609.5,7458287,12.5,0.02,-12.5,5441
699587.0083,7458243.723,13.0814,0.02,-13.0814,5442
699566,7458313,12.9416,0.02,-12.9416,5443
699525,7458343.5,13.102,0.02,-13.102,5444
699541,7458271.5,13.4162,0.02,-13.4162,5445
699497.75,7458303.75,13.5946,0.02,-13.5946,5446
699484,7458374,13.304,0.02,-13.304,5447
699447,7458408.5,13.4174,0.02,-13.4174,5448
699454.5,7458336,13.7531,0.02,-13.7531,5449
699415.25,7458372.25,13.7761,0.02,-13.7761,5450
699410,7458443,13.4734,0.02,-13.4734,5451
699376,7458408.5,13.8624,0.02,-13.8624,5452
699376.5,7458481.5,13.5569,0.02,-13.5569,5453
699340.75,7458448.5,13.8711,0.02,-13.8711,5454
699343,7458520,13.7065,0.02,-13.7065,5455
699305.5,7458488.5,13.9112,0.02,-13.9112,5456
699313.5,7458560,13.576,0.02,-13.576,5457
699274.75,7458530,13.8741,0.02,-13.8741,5458
699284,7458600,13.4918,0.02,-13.4918,5459
699258.5,7458641.5,13.4395,0.02,-13.4395,5460
699244,7458571.5,13.7655,0.02,-13.7655,5461
699217.25,7458614.5,13.6589,0.02,-13.6589,5462
699233,7458683,13.4459,0.02,-13.4459,5463
699210,7458725,13.3328,0.02,-13.3328,5464
699190.5,7458657.5,13.5509,0.02,-13.5509,5465
699167.25,7458701.25,13.454,0.02,-13.454,5466
699187,7458767,13.2199,0.02,-13.2199,5467
699165,7458807.5,13.1158,0.02,-13.1158,5468
699144,7458745,13.4169,0.02,-13.4169,5469
699123.5,7458787.75,13.2098,0.02,-13.2098,5470
699209.5,7459387,0.6252,0.02,-0.6252,5471
699231,7459443,-1.0677,0.02,1.0677,5472
699153.9411,7459401.415,0.4988,0.02,-0.4988,5473
699171.3823,7459459.329,-1.1373,0.02,1.1373,5474
699143,7458848,13.0534,0.02,-13.0534,5475
699129.5,7458881.5,12.8613,0.02,-12.8613,5476
699103,7458830.5,13.0979,0.02,-13.0979,5477
699089,7458869,12.7545,0.02,-12.7545,5478
699188,7459331,2.6715,0.02,-2.6715,5479
699136.5,7459343.5,2.7633,0.02,-2.7633,5480
699173,7459276,4.1579,0.02,-4.1579,5481
699121.75,7459288.5,4.3428,0.02,-4.3428,5482
699116,7458915,12.5076,0.02,-12.5076,5483
699112,7458944,12.2312,0.02,-12.2312,5484
699075,7458907.5,12.4056,0.02,-12.4056,5485
699067.25,7458942.75,12.1892,0.02,-12.1892,5486
699158,7459221,5.6475,0.02,-5.6475,5487
699107,7459233.5,5.8893,0.02,-5.8893,5488
699146.5,7459176.5,7.0597,0.02,-7.0597,5489
699096.25,7459188.5,7.2795,0.02,-7.2795,5490
699108,7458973,11.9034,0.02,-11.9034,5491
699059.5,7458978,11.8846,0.02,-11.8846,5492
699111,7459010.5,11.4076,0.02,-11.4076,5493
699063.5,7459017.75,11.4026,0.02,-11.4026,5494
699135,7459132,8.5774,0.02,-8.5774,5495
699114,7459048,10.8026,0.02,-10.8026,5496
699085.5,7459143.5,8.6766,0.02,-8.6766,5497
699067.5,7459057.5,10.7734,0.02,-10.7734,5498
699124.5,7459090,9.8944,0.02,-9.8944,5499
699076.5,7459100.5,9.9383,0.02,-9.9383,5500
699715,7458129,11.1153,0.02,-11.1153,5501
699664.0166,7458149.946,11.9387,0.02,-11.9387,5502
699703.5,7458082,11.1137,0.02,-11.1137,5503
699649.3772,7458105.343,12.196,0.02,-12.196,5504
699692,7458035,10.9663,0.02,-10.9663,5505
699634.7379,7458060.739,12.3573,0.02,-12.3573,5506
699676.8875,7457979.467,10.7227,0.02,-10.7227,5507
699613.9859,7458005.981,12.4627,0.02,-12.4627,5508
699661.7751,7457923.934,10.3283,0.02,-10.3283,5509
699593.2339,7457951.223,12.4424,0.02,-12.4424,5510
699649.4184,7457869.521,9.7002,0.02,-9.7002,5511
699574.9971,7457896.198,12.2611,0.02,-12.2611,5512
699637.0617,7457815.108,8.416,0.02,-8.416,5513
699556.7603,7457841.173,11.9186,0.02,-11.9186,5514
699543.7688,7457811.665,11.3851,0.02,-11.3851,5515
699613.0332,7458170.893,12.8459,0.02,-12.8459,5516
699595.2545,7458128.685,13.2441,0.02,-13.2441,5517
699564.5166,7458200.446,13.5838,0.02,-13.5838,5518
699541.1374,7458157.702,13.9036,0.02,-13.9036,5519
699516,7458230,13.8793,0.02,-13.8793,5520
699470.5,7458264,14.0846,0.02,-14.0846,5521
699487.0203,7458186.719,14.3739,0.02,-14.3739,5522
699439.7601,7458222.359,14.5237,0.02,-14.5237,5523
699425,7458298,14.0978,0.02,-14.0978,5524
699383.5,7458336,14.1023,0.02,-14.1023,5525
699392.5,7458258,14.492,0.02,-14.492,5526
699349.25,7458298.25,14.4272,0.02,-14.4272,5527
699342,7458374,14.1498,0.02,-14.1498,5528
699306,7458338.5,14.3427,0.02,-14.3427,5529
699305,7458415.5,14.1831,0.02,-14.1831,5530
699266.75,7458382.25,14.3832,0.02,-14.3832,5531
699268,7458457,14.1866,0.02,-14.1866,5532
699227.5,7458426,14.525,0.02,-14.525,5533
699236,7458500,14.16,0.02,-14.16,5534
699193.75,7458471,14.601,0.02,-14.601,5535
699204,7458543,14.1209,0.02,-14.1209,5536
699160,7458516,14.559,0.02,-14.559,5537
699176,7458587.5,13.9746,0.02,-13.9746,5538
699131,7458562,14.3657,0.02,-14.3657,5539
699148,7458632,13.7719,0.02,-13.7719,5540
699124.5,7458677.5,13.4822,0.02,-13.4822,5541
699102,7458608,14.1582,0.02,-14.1582,5542
699078.5,7458655.75,13.896,0.02,-13.896,5543
699101,7458723,13.5651,0.02,-13.5651,5544
699055,7458703.5,13.71,0.02,-13.71,5545
699082,7458768,13.2891,0.02,-13.2891,5546
699036,7458751,13.4089,0.02,-13.4089,5547
699098.3823,7459415.829,0.4552,0.02,-0.4552,5548
699111.7646,7459475.658,-1.2098,0.02,1.2098,5549
699046.1301,7459427.625,0.7507,0.02,-0.7507,5550
699062.2601,7459487.75,-1.1434,0.02,1.1434,5551
699063,7458813,13.0136,0.02,-13.0136,5552
699048.5,7458856.5,12.649,0.02,-12.649,5553
699017,7458798.5,12.9972,0.02,-12.9972,5554
699002.25,7458844.75,12.6538,0.02,-12.6538,5555
699085,7459356,2.8401,0.02,-2.8401,5556
699070.5,7459301,4.6716,0.02,-4.6716,5557
699030,7459367.5,2.8984,0.02,-2.8984,5558
699016.4048,7459315.355,4.9176,0.02,-4.9176,5559
699034,7458900,12.2525,0.02,-12.2525,5560
699022.5,7458941.5,12.1378,0.02,-12.1378,5561
698987.5,7458891,12.3537,0.02,-12.3537,5562
698977.5,7458935.75,12.1758,0.02,-12.1758,5563
699056,7459246,6.2036,0.02,-6.2036,5564
699046,7459200.5,7.5303,0.02,-7.5303,5565
699002.8095,7459263.211,6.4139,0.02,-6.4139,5566
698993.9048,7459213.105,7.7646,0.02,-7.7646,5567
699011,7458983,11.8916,0.02,-11.8916,5568
699016,7459025,11.4151,0.02,-11.4151,5569
698967.5,7458980.5,11.9316,0.02,-11.9316,5570
698970.25,7459025.75,11.5015,0.02,-11.5015,5571
699036,7459155,8.8462,0.02,-8.8462,5572
699021,7459067,10.7836,0.02,-10.7836,5573
699028.5,7459111,9.9592,0.02,-9.9592,5574
698973,7459071,10.8917,0.02,-10.8917,5575
698985,7459163,9.0615,0.02,-9.0615,5576
698979,7459117,10.0823,0.02,-10.0823,5577
699577.4757,7458086.477,13.6926,0.02,-13.6926,5578
699551.0843,7458032.495,13.9988,0.02,-13.9988,5579
699517.7581,7458114.957,14.3097,0.02,-14.3097,5580
699489.8023,7458064.357,14.9495,0.02,-14.9495,5581
699524.6928,7457978.512,14.3756,0.02,-14.3756,5582
699461.8464,7458013.756,15.763,0.02,-15.763,5583
699500.5758,7457922.875,14.8246,0.02,-14.8246,5584
699431.4108,7457956.491,16.5775,0.02,-16.5775,5585
699476.4589,7457867.238,15.3774,0.02,-15.3774,5586
699400.9752,7457899.225,17.6178,0.02,-17.6178,5587
699463.4674,7457837.731,15.4819,0.02,-15.4819,5588
699450.4759,7457808.223,15.2488,0.02,-15.2488,5589
699376.0334,7457855.354,18.2856,0.02,-18.2856,5590
699351.0916,7457811.484,18.6663,0.02,-18.6663,5591
699458.0405,7458143.438,14.8285,0.02,-14.8285,5592
699409.0203,7458180.719,14.9311,0.02,-14.9311,5593
699428.5203,7458096.219,15.4415,0.02,-15.4415,5594
699376.7601,7458134.109,15.472,0.02,-15.472,5595
699360,7458218,14.9627,0.02,-14.9627,5596
699315,7458260.5,14.6141,0.02,-14.6141,5597
699325,7458172,15.5858,0.02,-15.5858,5598
699277.4594,7458217.021,15.4879,0.02,-15.4879,5599
699270,7458303,14.463,0.02,-14.463,5600
699229.9187,7458262.042,14.7067,0.02,-14.7067,5601
699228.5,7458349,14.5855,0.02,-14.5855,5602
699186.4372,7458312.32,14.9691,0.02,-14.9691,5603
699187,7458395,14.9343,0.02,-14.9343,5604
699142.9557,7458362.598,15.3855,0.02,-15.3855,5605
699151.5,7458442,15.0596,0.02,-15.0596,5606
699105.8361,7458412.416,15.5774,0.02,-15.5774,5607
699116,7458489,15.0206,0.02,-15.0206,5608
699068.7166,7458462.235,15.5142,0.02,-15.5142,5609
699086,7458536.5,14.8337,0.02,-14.8337,5610
699039.7159,7458511.301,15.3057,0.02,-15.3057,5611
699056,7458584,14.6148,0.02,-14.6148,5612
699032.5,7458634,14.3227,0.02,-14.3227,5613
699010.7152,7458560.368,15.0638,0.02,-15.0638,5614
698986.7545,7458613.838,14.7057,0.02,-14.7057,5615
699009,7458684,14.0173,0.02,-14.0173,5616
698990,7458734,13.6686,0.02,-13.6686,5617
698962.7937,7458667.307,14.3578,0.02,-14.3578,5618
698944.1826,7458720.65,13.9865,0.02,-13.9865,5619
698993.8778,7459439.421,0.8382,0.02,-0.8382,5620
699012.7556,7459499.841,-1.1659,0.02,1.1659,5621
698940.0329,7459451.84,0.7152,0.02,-0.7152,5622
698955.5758,7459513.267,-1.2396,0.02,1.2396,5623
698971,7458784,13.3172,0.02,-13.3172,5624
698956,7458833,12.9613,0.02,-12.9613,5625
698925.5715,7458773.992,13.6083,0.02,-13.6083,5626
698911.4079,7458824.403,13.2333,0.02,-13.2333,5627
698975,7459379,3.1208,0.02,-3.1208,5628
698924.49,7459390.414,3.2648,0.02,-3.2648,5629
698962.3095,7459329.711,4.962,0.02,-4.962,5630
698913.3796,7459340.679,5.1245,0.02,-5.1245,5631
698941,7458882,12.7217,0.02,-12.7217,5632
698932.5,7458930,12.2896,0.02,-12.2896,5633
698897.2442,7458874.813,13.0231,0.02,-13.0231,5634
698890.0483,7458925.245,12.4834,0.02,-12.4834,5635
698949.619,7459280.422,6.5084,0.02,-6.5084,5636
698902.2692,7459290.944,6.7061,0.02,-6.7061,5637
698941.8095,7459225.711,7.9335,0.02,-7.9335,5638
698895.0609,7459235.403,8.1246,0.02,-8.1246,5639
698924,7458978,11.9704,0.02,-11.9704,5640
698924.5,7459026.5,11.5908,0.02,-11.5908,5641
698882.8525,7458975.677,12.0965,0.02,-12.0965,5642
698881.6296,7459026.848,11.7109,0.02,-11.7109,5643
698934,7459171,9.2416,0.02,-9.2416,5644
698925,7459075,11.0032,0.02,-11.0032,5645
698887.8525,7459179.863,9.3703,0.02,-9.3703,5646
698929.5,7459123,10.2105,0.02,-10.2105,5647
698880.4067,7459078.02,11.1257,0.02,-11.1257,5648
698884.1296,7459128.941,10.3318,0.02,-10.3318,5649
699399,7458049,16.4379,0.02,-16.4379,5650
699344.5,7458087.5,16.6522,0.02,-16.6522,5651
699362.2458,7457990.106,17.6868,0.02,-17.6868,5652
699301.0946,7458030.243,18.028,0.02,-18.028,5653
699325.4915,7457931.212,19.1199,0.02,-19.1199,5654
699257.6891,7457972.986,19.7592,0.02,-19.7592,5655
699288.5994,7457872.978,20.3777,0.02,-20.3777,5656
699216.9105,7457917.258,20.9834,0.02,-20.9834,5657
699251.7073,7457814.744,21.6516,0.02,-21.6516,5658
699176.1318,7457861.529,21.5958,0.02,-21.5958,5659
699151.1376,7457827.599,21.7722,0.02,-21.7722,5660
699290,7458126,16.5504,0.02,-16.5504,5661
699239.9187,7458173.542,16.5199,0.02,-16.5199,5662
699239.9434,7458070.38,18.1232,0.02,-18.1232,5663
699189.5711,7458119.123,17.7125,0.02,-17.7125,5664
699189.8374,7458221.084,16.2328,0.02,-16.2328,5665
699144.3744,7458275.64,15.9465,0.02,-15.9465,5666
699139.1988,7458167.866,17.4326,0.02,-17.4326,5667
699089.5041,7458227.815,17.1663,0.02,-17.1663,5668
699098.9113,7458330.196,15.8377,0.02,-15.8377,5669
699060.1722,7458382.833,16.0311,0.02,-16.0311,5670
699039.8094,7458287.764,16.8667,0.02,-16.8667,5671
699000.0913,7458343.507,16.6546,0.02,-16.6546,5672
699021.4331,7458435.47,16.0388,0.02,-16.0388,5673
698993.4318,7458486.103,15.7222,0.02,-15.7222,5674
698960.3733,7458399.25,16.3657,0.02,-16.3657,5675
698930.7047,7458451.242,16.1272,0.02,-16.1272,5676
698965.4305,7458536.736,15.4142,0.02,-15.4142,5677
698941.009,7458593.675,15.0567,0.02,-15.0567,5678
698901.0361,7458503.234,15.8713,0.02,-15.8713,5679
698875.1783,7458565.884,15.4929,0.02,-15.4929,5680
698916.5875,7458650.614,14.6936,0.02,-14.6936,5681
698898.3653,7458707.299,14.2969,0.02,-14.2969,5682
698849.3205,7458628.535,15.0936,0.02,-15.0936,5683
698829.0296,7458687.786,14.6997,0.02,-14.6997,5684
698886.188,7459464.26,0.5779,0.02,-0.5779,5685
698898.396,7459526.692,-1.3772,0.02,1.3772,5686
698822.0701,7459478.737,0.5827,0.02,-0.5827,5687
698833.4713,7459539.164,-1.3542,0.02,1.3542,5688
698880.1431,7458763.985,13.8883,0.02,-13.8883,5689
698866.8157,7458815.805,13.5076,0.02,-13.5076,5690
698808.7387,7458747.038,14.3091,0.02,-14.3091,5691
698795.4815,7458802.544,13.9304,0.02,-13.9304,5692
698873.98,7459401.828,3.2431,0.02,-3.2431,5693
698810.669,7459418.311,3.0923,0.02,-3.0923,5694
698864.4497,7459351.647,5.1016,0.02,-5.1016,5695
698802.5429,7459367.122,4.944,0.02,-4.944,5696
698853.4884,7458867.625,13.2383,0.02,-13.2383,5697
698847.5967,7458920.49,12.7719,0.02,-12.7719,5698
698782.2242,7458858.05,13.5864,0.02,-13.5864,5699
698777.1253,7458915.525,13.16,0.02,-13.16,5700
698854.9194,7459301.466,6.7033,0.02,-6.7033,5701
698794.4169,7459315.934,6.6416,0.02,-6.6416,5702
698848.3122,7459245.096,8.1999,0.02,-8.1999,5703
698787.1675,7459256.182,8.3279,0.02,-8.3279,5704
698841.705,7458973.354,12.3211,0.02,-12.3211,5705
698838.7592,7459027.197,11.8618,0.02,-11.8618,5706
698772.0264,7458973.001,12.649,0.02,-12.649,5707
698770.4334,7459028.738,12.0677,0.02,-12.0677,5708
698841.705,7459188.726,9.4648,0.02,-9.4648,5709
698835.8133,7459081.04,11.2578,0.02,-11.2578,5710
698779.9181,7459196.431,9.7041,0.02,-9.7041,5711
698838.7592,7459134.883,10.4436,0.02,-10.4436,5712
698768.8404,7459084.476,11.4756,0.02,-11.4756,5713
698774.3792,7459140.453,10.6727,0.02,-10.6727,5714
699189.8868,7458014.76,19.5756,0.02,-19.5756,5715
699139.2234,7458064.704,19.0789,0.02,-19.0789,5716
699145.2215,7457961.537,20.757,0.02,-20.757,5717
699089.8996,7458013.5,20.0656,0.02,-20.0656,5718
699100.5563,7457908.314,21.2266,0.02,-21.2266,5719
699040.5757,7457962.297,20.6075,0.02,-20.6075,5720
699075.5621,7457874.385,21.2757,0.02,-21.2757,5721
699050.5678,7457840.455,21.0967,0.02,-21.0967,5722
698994.6693,7457911.46,20.6526,0.02,-20.6526,5723
698948.763,7457860.624,20.3425,0.02,-20.3425,5724
699088.5601,7458114.647,18.5076,0.02,-18.5076,5725
699034.6338,7458179.989,17.9337,0.02,-17.9337,5726
699034.5776,7458065.463,19.3543,0.02,-19.3543,5727
698976.4774,7458129.594,18.6611,0.02,-18.6611,5728
698980.7074,7458245.331,17.5196,0.02,-17.5196,5729
698940.0104,7458304.181,17.1981,0.02,-17.1981,5730
698918.3771,7458193.724,18.0574,0.02,-18.0574,5731
698877.2977,7458257.946,17.6521,0.02,-17.6521,5732
698899.3134,7458363.03,16.5174,0.02,-16.5174,5733
698867.9776,7458416.381,16.381,0.02,-16.381,5734
698836.2184,7458322.169,17.1995,0.02,-17.1995,5735
698802.8318,7458382.669,16.7686,0.02,-16.7686,5736
698836.6417,7458469.732,16.1745,0.02,-16.1745,5737
698809.3477,7458538.094,15.8397,0.02,-15.8397,5738
698769.4452,7458443.169,16.3752,0.02,-16.3752,5739
698741.7808,7458515.171,16.107,0.02,-16.107,5740
698782.0536,7458606.456,15.4477,0.02,-15.4477,5741
698759.6939,7458668.273,15.0643,0.02,-15.0643,5742
698714.1164,7458587.173,15.7323,0.02,-15.7323,5743
698691.5646,7458653.63,15.351,0.02,-15.351,5744
698757.9523,7459493.215,0.458,0.02,-0.458,5745
698768.5466,7459551.636,-1.3614,0.02,1.3614,5746
698694.7216,7459510.305,0.1316,0.02,-0.1316,5747
698705.8976,7459568.421,-1.4775,0.02,1.4775,5748
698737.3343,7458730.091,14.6745,0.02,-14.6745,5749
698724.1472,7458789.283,14.2992,0.02,-14.2992,5750
698669.0128,7458720.088,14.9572,0.02,-14.9572,5751
698656.7927,7458780.377,14.5855,0.02,-14.5855,5752
698747.3579,7459434.793,2.7979,0.02,-2.7979,5753
698683.5456,7459452.19,2.4053,0.02,-2.4053,5754
698740.6362,7459382.597,4.7607,0.02,-4.7607,5755
698675.4649,7459397.099,4.6075,0.02,-4.6075,5756
698710.9601,7458848.474,13.8899,0.02,-13.8899,5757
698706.654,7458910.561,13.423,0.02,-13.423,5758
698644.5727,7458840.666,14.1323,0.02,-14.1323,5759
698641.4334,7458906.52,13.5881,0.02,-13.5881,5760
698733.9144,7459330.402,6.5413,0.02,-6.5413,5761
698667.3842,7459342.008,6.5836,0.02,-6.5836,5762
698726.0227,7459267.269,8.4078,0.02,-8.4078,5763
698660.0671,7459278.077,8.5209,0.02,-8.5209,5764
698702.3478,7458972.648,12.8884,0.02,-12.8884,5765
698702.1077,7459030.28,12.2177,0.02,-12.2177,5766
698638.2942,7458972.375,12.9798,0.02,-12.9798,5767
698638.8317,7459033.415,12.2643,0.02,-12.2643,5768
698718.1311,7459204.136,9.9649,0.02,-9.9649,5769
698701.8675,7459087.913,11.7016,0.02,-11.7016,5770
698709.9993,7459146.024,10.9683,0.02,-10.9683,5771
698652.75,7459214.146,10.1289,0.02,-10.1289,5772
698639.3693,7459094.455,11.7062,0.02,-11.7062,5773
698646.0596,7459154.301,11.1573,0.02,-11.1573,5774
698980.5951,7458016.279,19.9287,0.02,-19.9287,5775
698918.321,7458079.198,19.1754,0.02,-19.1754,5776
698913.7766,7457948.536,20.0337,0.02,-20.0337,5777
698850.4153,7458021.137,19.4771,0.02,-19.4771,5778
698846.9581,7457880.793,19.6771,0.02,-19.6771,5779
698782.5096,7457963.076,19.3073,0.02,-19.3073,5780
698722.8913,7457917.304,18.9813,0.02,-18.9813,5781
698856.0468,7458142.117,18.4717,0.02,-18.4717,5782
698814.5851,7458211.712,17.9969,0.02,-17.9969,5783
698787.0539,7458093.738,18.8677,0.02,-18.8677,5784
698741.1152,7458169.205,18.198,0.02,-18.198,5785
698773.1233,7458281.307,17.5703,0.02,-17.5703,5786
698737.686,7458348.957,17.1911,0.02,-17.1911,5787
698695.1766,7458244.673,17.7913,0.02,-17.7913,5788
698660.8881,7458317.769,17.4186,0.02,-17.4186,5789
698702.2487,7458416.606,16.571,0.02,-16.571,5790
698674.214,7458492.248,16.3232,0.02,-16.3232,5791
698626.5997,7458390.866,16.9797,0.02,-16.9797,5792
698598.636,7458465.565,16.577,0.02,-16.577,5793
698646.1792,7458567.889,16.0055,0.02,-16.0055,5794
698623.4352,7458638.987,15.6349,0.02,-15.6349,5795
698570.6723,7458540.265,16.3201,0.02,-16.3201,5796
698548.9331,7458616.6,15.9765,0.02,-15.9765,5797
698631.4909,7459527.396,0.0324,0.02,-0.0324,5798
698643.2485,7459585.206,-1.5183,0.02,1.5183,5799
698568.3511,7459544.92,0.0398,0.02,-0.0398,5800
698581.8676,7459603.103,-1.5182,0.02,1.5182,5801
698600.6912,7458710.084,15.2479,0.02,-15.2479,5802
698589.4382,7458771.47,14.8157,0.02,-14.8157,5803
698527.1938,7458692.935,15.5886,0.02,-15.5886,5804
698514.7155,7458760.08,15.0778,0.02,-15.0778,5805
698619.7332,7459469.586,2.3986,0.02,-2.3986,5806
698554.8347,7459486.737,2.416,0.02,-2.416,5807
698610.2936,7459411.6,4.696,0.02,-4.696,5808
698543.7502,7459427.194,4.7681,0.02,-4.7681,5809
698578.1853,7458832.857,14.3358,0.02,-14.3358,5810
698576.2129,7458902.479,13.709,0.02,-13.709,5811
698502.2372,7458827.225,14.5226,0.02,-14.5226,5812
698501.5268,7458900.513,13.8197,0.02,-13.8197,5813
698600.854,7459353.614,6.7081,0.02,-6.7081,5814
698594.1114,7459288.885,8.6651,0.02,-8.6651,5815
698532.6657,7459367.65,6.8018,0.02,-6.8018,5816
698524.9164,7459303.787,8.653,0.02,-8.653,5817
698574.2405,7458972.101,12.996,0.02,-12.996,5818
698575.5558,7459036.55,12.2803,0.02,-12.2803,5819
698500.8164,7458973.8,13.0483,0.02,-13.0483,5820
698502.4712,7459041.378,12.2925,0.02,-12.2925,5821
698587.3689,7459224.156,10.2508,0.02,-10.2508,5822
698576.8711,7459100.998,11.558,0.02,-11.558,5823
698582.12,7459162.577,11.2509,0.02,-11.2509,5824
698517.167,7459239.923,10.2082,0.02,-10.2082,5825
698504.126,7459108.957,11.6025,0.02,-11.6025,5826
698510.6465,7459174.44,11.245,0.02,-11.245,5827
698718.061,7458045.358,18.8963,0.02,-18.8963,5828
698667.6454,7458126.698,18.39,0.02,-18.39,5829
698658.4428,7457999.587,18.7279,0.02,-18.7279,5830
698604.4501,7458089.2,18.4788,0.02,-18.4788,5831
698598.8246,7457953.816,18.4574,0.02,-18.4574,5832
698541.2548,7458051.702,18.3395,0.02,-18.3395,5833
698454.5652,7458011.442,18.0855,0.02,-18.0855,5834
698617.2298,7458208.038,17.9076,0.02,-17.9076,5835
698584.0902,7458286.582,17.6007,0.02,-17.6007,5836
698550.4574,7458178.813,18.0368,0.02,-18.0368,5837
698515.5789,7458260.044,17.7228,0.02,-17.7228,5838
698550.9506,7458365.125,17.2792,0.02,-17.2792,5839
698523.058,7458438.883,16.9306,0.02,-16.9306,5840
698480.7005,7458341.276,17.442,0.02,-17.442,5841
698451.1003,7458419.592,17.1812,0.02,-17.1812,5842
698495.1654,7458512.64,16.645,0.02,-16.645,5843
698474.4309,7458594.213,16.4221,0.02,-16.4221,5844
698421.5002,7458497.907,17.0606,0.02,-17.0606,5845
698401.4148,7458578.742,16.7535,0.02,-16.7535,5846
698505.2114,7459562.444,0.0536,0.02,-0.0536,5847
698520.4866,7459620.999,-1.4674,0.02,1.4674,5848
698444.132,7459581.057,-0.0203,0.02,0.0203,5849
698462.3052,7459638.649,-1.4172,0.02,1.4172,5850
698453.6964,7458675.785,15.9123,0.02,-15.9123,5851
698439.9928,7458748.69,15.3428,0.02,-15.3428,5852
698381.3294,7458659.577,16.2246,0.02,-16.2246,5853
698365.9313,7458735.911,15.6362,0.02,-15.6362,5854
698489.9361,7459503.888,2.3606,0.02,-2.3606,5855
698425.9589,7459523.465,2.3334,0.02,-2.3334,5856
698477.2067,7459442.787,4.7812,0.02,-4.7812,5857
698411.0872,7459460.761,4.915,0.02,-4.915,5858
698426.2892,7458821.594,14.7127,0.02,-14.7127,5859
698426.8407,7458898.546,13.9412,0.02,-13.9412,5860
698350.5333,7458812.246,14.9522,0.02,-14.9522,5861
698347.9603,7458893.453,14.121,0.02,-14.121,5862
698464.4773,7459381.686,6.8958,0.02,-6.8958,5863
698396.2156,7459398.057,6.9985,0.02,-6.9985,5864
698455.7213,7459318.688,8.6403,0.02,-8.6403,5865
698383.9101,7459333.239,8.7697,0.02,-8.7697,5866
698427.3922,7458975.499,13.1186,0.02,-13.1186,5867
698429.3866,7459046.207,12.3166,0.02,-12.3166,5868
698345.3873,7458974.661,13.2463,0.02,-13.2463,5869
698349.6534,7459049.61,12.3995,0.02,-12.3995,5870
698446.9652,7459255.69,10.1681,0.02,-10.1681,5871
698431.381,7459116.915,11.6552,0.02,-11.6552,5872
698439.1731,7459186.303,11.2201,0.02,-11.2201,5873
698371.6046,7459268.421,10.2623,0.02,-10.2623,5874
698353.9194,7459124.56,11.5951,0.02,-11.5951,5875
698362.762,7459196.491,11.2082,0.02,-11.2082,5876
698483.6849,7458149.587,18.1285,0.02,-18.1285,5877
698447.0677,7458233.507,17.7941,0.02,-17.7941,5878
698396.9954,7458109.327,18.1666,0.02,-18.1666,5879
698355.356,7458200.362,18.083,0.02,-18.083,5880
698310.3058,7458069.067,18.2006,0.02,-18.2006,5881
698263.6445,7458167.217,18.2915,0.02,-18.2915,5882
698191.2389,7458146.3,18.4683,0.02,-18.4683,5883
698410.4504,7458317.427,17.6351,0.02,-17.6351,5884
698379.1427,7458400.301,17.4582,0.02,-17.4582,5885
698313.7168,7458291.397,17.9182,0.02,-17.9182,5886
698284.735,7458376.236,17.8136,0.02,-17.8136,5887
698347.8349,7458483.174,17.6994,0.02,-17.6994,5888
698328.3986,7458563.271,17.0731,0.02,-17.0731,5889
698255.7533,7458461.075,17.7699,0.02,-17.7699,5890
698237.5481,7458541.398,17.3889,0.02,-17.3889,5891
698383.0527,7459599.671,0.0743,0.02,-0.0743,5892
698404.1237,7459656.299,-1.3799,0.02,1.3799,5893
698319.6176,7459620.481,0.0369,0.02,-0.0369,5894
698342.2276,7459677.37,-1.4862,0.02,1.4862,5895
698308.9623,7458643.368,16.5492,0.02,-16.5492,5896
698291.8699,7458723.133,15.947,0.02,-15.947,5897
698219.3429,7458621.722,16.988,0.02,-16.988,5898
698206.6395,7458706.588,16.3518,0.02,-16.3518,5899
698361.9816,7459543.042,2.365,0.02,-2.365,5900
698297.0078,7459563.592,2.5678,0.02,-2.5678,5901
698344.9677,7459478.735,5.205,0.02,-5.205,5902
698278.7498,7459498.584,5.2013,0.02,-5.2013,5903
698274.7774,7458802.898,15.2583,0.02,-15.2583,5904
698269.0799,7458888.36,14.3812,0.02,-14.3812,5905
698193.9362,7458791.456,15.6183,0.02,-15.6183,5906
698189.0476,7458885.449,14.6575,0.02,-14.6575,5907
698327.9538,7459414.427,7.1579,0.02,-7.1579,5908
698260.4919,7459433.577,7.0574,0.02,-7.0574,5909
698312.0989,7459347.79,8.838,0.02,-8.838,5910
698243.2174,7459366.145,8.6742,0.02,-8.6742,5911
698263.3824,7458973.822,13.467,0.02,-13.467,5912
698269.9202,7459053.013,12.4917,0.02,-12.4917,5913
698184.1589,7458979.442,13.6572,0.02,-13.6572,5914
698192.7398,7459064.189,12.6145,0.02,-12.6145,5915
698296.2439,7459281.152,10.2979,0.02,-10.2979,5916
698276.4579,7459132.204,11.6141,0.02,-11.6141,5917
698201.3206,7459148.937,11.5689,0.02,-11.5689,5918
698286.3509,7459206.678,11.0941,0.02,-11.0941,5919
698225.9428,7459298.713,10.2392,0.02,-10.2392,5920
698213.6317,7459223.825,10.9427,0.02,-10.9427,5921
698216.9831,7458265.366,18.2478,0.02,-18.2478,5922
698190.3274,7458352.171,18.1669,0.02,-18.1669,5923
698144.5775,7458244.449,18.5317,0.02,-18.5317,5924
698111.7671,7458331.583,18.4458,0.02,-18.4458,5925
698072.1719,7458223.532,18.7573,0.02,-18.7573,5926
698033.2068,7458310.996,18.6402,0.02,-18.6402,5927
697981.8301,7458297.883,18.7879,0.02,-18.7879,5928
698163.6717,7458438.975,18.0527,0.02,-18.0527,5929
698146.6976,7458519.525,17.8818,0.02,-17.8818,5930
698078.9567,7458418.717,18.3549,0.02,-18.3549,5931
698062.7154,7458501.189,18.1777,0.02,-18.1777,5932
698256.1827,7459641.292,0.0682,0.02,-0.0682,5933
698280.3314,7459698.441,-1.5094,0.02,1.5094,5934
698203.4103,7459659.234,-0.0364,0.02,0.0364,5935
698225.02,7459716.878,-1.5294,0.02,1.5294,5936
698150.638,7459677.176,-0.3565,0.02,0.3565,5937
698169.7085,7459735.315,-1.5182,0.02,1.5182,5938
698110.2871,7459692.893,-0.6077,0.02,0.6077,5939
698069.9363,7459708.61,-0.7333,0.02,0.7333,5940
698126.4734,7459753.261,-1.4565,0.02,1.4565,5941
698083.2382,7459771.207,-1.3822,0.02,1.3822,5942
698129.7234,7458600.075,17.539,0.02,-17.539,5943
698121.4092,7458690.044,16.8268,0.02,-16.8268,5944
698046.4741,7458583.661,17.8653,0.02,-17.8653,5945
698040.342,7458678.723,17.1682,0.02,-17.1682,5946
698232.0339,7459584.142,2.9277,0.02,-2.9277,5947
698181.8007,7459601.59,2.6475,0.02,-2.6475,5948
698212.5319,7459518.434,5.4112,0.02,-5.4112,5949
698159.1108,7459533.026,5.2949,0.02,-5.2949,5950
698113.095,7458780.013,16.0034,0.02,-16.0034,5951
698109.0152,7458882.538,14.9675,0.02,-14.9675,5952
698034.2101,7458773.785,16.3592,0.02,-16.3592,5953
698035.6377,7458880.513,15.3083,0.02,-15.3083,5954
698193.03,7459452.726,6.794,0.02,-6.794,5955
698174.3359,7459384.5,8.5723,0.02,-8.5723,5956
698136.4209,7459464.464,6.4216,0.02,-6.4216,5957
698116.9643,7459398.27,8.3995,0.02,-8.3995,5958
698104.9354,7458985.062,13.8965,0.02,-13.8965,5959
698115.5594,7459075.365,12.8587,0.02,-12.8587,5960
698037.0653,7458987.242,14.2041,0.02,-14.2041,5961
698050.6675,7459079.51,13.1412,0.02,-13.1412,5962
698155.6417,7459316.274,10.299,0.02,-10.299,5963
698126.1833,7459165.669,11.5717,0.02,-11.5717,5964
698097.5077,7459332.076,10.2332,0.02,-10.2332,5965
698140.9125,7459240.971,10.9214,0.02,-10.9214,5966
698064.2697,7459171.778,11.8263,0.02,-11.8263,5967
698080.8887,7459251.927,10.8868,0.02,-10.8868,5968
697994.2416,7458398.459,18.5973,0.02,-18.5973,5969
697978.7332,7458482.853,18.3936,0.02,-18.3936,5970
697942.8649,7458385.347,18.7085,0.02,-18.7085,5971
697891.4882,7458372.234,18.8252,0.02,-18.8252,5972
697902.079,7458468.317,18.5667,0.02,-18.5667,5973
697825.4248,7458453.78,18.7119,0.02,-18.7119,5974
697963.2247,7458567.247,18.1017,0.02,-18.1017,5975
697959.2749,7458667.402,17.4544,0.02,-17.4544,5976
697861.2931,7458551.287,18.3332,0.02,-18.3332,5977
697864.7147,7458660.46,17.7259,0.02,-17.7259,5978
697820.3319,7459769.488,1.6642,0.02,-1.6642,5979
697765.3652,7459808.747,1.5094,0.02,-1.5094,5980
697859.8803,7459816.655,0.6616,0.02,-0.6616,5981
697875.2986,7459730.23,0.1872,0.02,-0.1872,5982
697802.376,7459857.605,-0.2208,0.02,0.2208,5983
697917.3845,7459775.705,0.4569,0.02,-0.4569,5984
698131.5675,7459619.037,2.4008,0.02,-2.4008,5985
698056.6343,7459646.013,0.6445,0.02,-0.6445,5986
698094.1009,7459632.525,1.5966,0.02,-1.5966,5987
698105.6897,7459547.619,5.1208,0.02,-5.1208,5988
698016.4557,7459568.72,3.7222,0.02,-3.7222,5989
697988.0425,7459598.304,1.8652,0.02,-1.8652,5990
697959.6294,7459627.889,0.5056,0.02,-0.5056,5991
698022.2895,7459653.878,0.1244,0.02,-0.1244,5992
697987.9446,7459661.742,-0.0813,0.02,0.0813,5993
698061.0727,7459558.169,4.5426,0.02,-4.5426,5994
697955.3251,7458767.557,16.691,0.02,-16.691,5995
697868.1364,7458769.633,17.0006,0.02,-17.0006,5996
697962.2602,7458878.49,15.6519,0.02,-15.6519,5997
697881.9788,7458882.668,15.9933,0.02,-15.9933,5998
698079.8119,7459476.201,6.5423,0.02,-6.5423,5999
698028.0444,7459483.814,6.9268,0.02,-6.9268,6000
698059.5928,7459412.04,8.4416,0.02,-8.4416,6001
698007.949,7459422.47,8.5933,0.02,-8.5933,6002
697969.1952,7458989.422,14.5464,0.02,-14.5464,6003
697985.7756,7459083.655,13.4486,0.02,-13.4486,6004
697895.8212,7458995.703,14.9154,0.02,-14.9154,6005
697917.6693,7459092.08,13.7878,0.02,-13.7878,6006
698039.3737,7459347.878,10.2303,0.02,-10.2303,6007
698002.3561,7459177.888,12.0484,0.02,-12.0484,6008
697939.5174,7459188.457,12.6674,0.02,-12.6674,6009
698020.8649,7459262.883,10.9218,0.02,-10.9218,6010
697987.8536,7459361.127,10.3795,0.02,-10.3795,6011
697963.6855,7459274.792,11.4452,0.02,-11.4452,6012
697759.3614,7458535.326,18.5732,0.02,-18.5732,6013
697770.1546,7458653.518,18.0307,0.02,-18.0307,6014
697681.2039,7458664.187,18.0722,0.02,-18.0722,6015
697953.7956,7459542.732,4.293,0.02,-4.293,6016
697780.9477,7458771.709,17.3846,0.02,-17.3846,6017
697801.6974,7458886.847,16.5056,0.02,-16.5056,6018
697691.9971,7458782.379,17.4617,0.02,-17.4617,6019
697718.808,7458897.153,16.7421,0.02,-16.7421,6020
697931.3142,7459594.036,1.4148,0.02,-1.4148,6021
697895.9766,7459559.226,2.4339,0.02,-2.4339,6022
697848.5984,7459597.495,1.8354,0.02,-1.8354,6023
697882.2634,7459639.395,0.6666,0.02,-0.6666,6024
697833.2126,7459684.754,1.2695,0.02,-1.2695,6025
697780.7835,7459722.321,2.218,0.02,-2.218,6026
697728.3544,7459759.888,2.8212,0.02,-2.8212,6027
697801.2203,7459635.765,2.3836,0.02,-2.3836,6028
697749.3185,7459672.491,3.4463,0.02,-3.4463,6029
697697.4167,7459709.217,4.1813,0.02,-4.1813,6030
697976.277,7459491.427,6.8021,0.02,-6.8021,6031
697956.3053,7459432.901,8.7124,0.02,-8.7124,6032
697918.4579,7459507.921,5.738,0.02,-5.738,6033
697895.0601,7459448.049,8.5023,0.02,-8.5023,6034
697822.4471,7459001.984,15.4977,0.02,-15.4977,6035
697849.5629,7459100.505,14.3512,0.02,-14.3512,6036
697745.6189,7459011.927,15.9282,0.02,-15.9282,6037
697775.8247,7459110.171,15.0718,0.02,-15.0718,6038
697936.3335,7459374.375,10.5177,0.02,-10.5177,6039
697876.6787,7459199.026,13.4195,0.02,-13.4195,6040
697806.0305,7459208.415,13.8694,0.02,-13.8694,6041
697871.6622,7459388.176,10.6798,0.02,-10.6798,6042
697906.5061,7459286.7,12.0012,0.02,-12.0012,6043
697838.8464,7459298.296,12.3473,0.02,-12.3473,6044
697603.0464,7458793.048,17.5584,0.02,-17.5584,6045
697635.9186,7458907.459,16.9037,0.02,-16.9037,6046
697572.0969,7458921.115,17.02,0.02,-17.02,6047
697860.6389,7459524.416,4.8585,0.02,-4.8585,6048
697814.9334,7459555.596,3.7746,0.02,-3.7746,6049
697833.8149,7459463.197,8.4404,0.02,-8.4404,6050
697783.0085,7459488.544,7.5653,0.02,-7.5653,6051
697668.7907,7459021.869,16.1498,0.02,-16.1498,6052
697702.0865,7459119.837,15.3539,0.02,-15.3539,6053
697604.969,7459035.526,16.3671,0.02,-16.3671,6054
697640.2934,7459133.068,15.6059,0.02,-15.6059,6055
697769.2279,7459586.776,3.7602,0.02,-3.7602,6056
697717.8535,7459622.662,5.0008,0.02,-5.0008,6057
697732.2021,7459513.892,7.5905,0.02,-7.5905,6058
697666.4791,7459658.547,5.9478,0.02,-5.9478,6059
697681.4914,7459547.357,8.1338,0.02,-8.1338,6060
697630.7806,7459580.823,8.389,0.02,-8.389,6061
697806.9909,7459401.978,10.9099,0.02,-10.9099,6062
697735.3824,7459217.804,14.104,0.02,-14.104,6063
697675.6177,7459230.611,14.1672,0.02,-14.1672,6064
697751.0835,7459421.492,11.0068,0.02,-11.0068,6065
697771.1866,7459309.891,12.5891,0.02,-12.5891,6066
697713.3506,7459326.052,12.4704,0.02,-12.4704,6067
697541.1473,7459049.182,16.552,0.02,-16.552,6068
697578.5002,7459146.3,15.9598,0.02,-15.9598,6069
697536.8784,7459155.905,16.0421,0.02,-16.0421,6070
697695.1762,7459441.007,10.961,0.02,-10.961,6071
697615.8531,7459243.417,14.4127,0.02,-14.4127,6072
697645.1292,7459472.053,10.8225,0.02,-10.8225,6073
697595.0822,7459503.099,10.6964,0.02,-10.6964,6074
697655.5146,7459342.212,12.3824,0.02,-12.3824,6075
697574.2313,7459253.022,14.5814,0.02,-14.5814,6076
697532.6095,7459262.627,14.5732,0.02,-14.5732,6077
697609.6803,7459362.538,12.371,0.02,-12.371,6078
697563.8459,7459382.863,12.3999,0.02,-12.3999,6079
